DATE_TIME,PLANT_ID,SOURCE_KEY,AMBIENT_TEMPERATURE,MODULE_TEMPERATURE,IRRADIATION,INDEX,
2020-05-15 00:00:00,4135001,HmiyD2TTLFNqkNe,25.184316133333333,22.8575074,0,1,
2020-05-15 00:15:00,4135001,HmiyD2TTLFNqkNe,25.084588666666669,22.761667866666663,0,2,
2020-05-15 00:30:00,4135001,HmiyD2TTLFNqkNe,24.935752600000004,22.592305533333334,0,3,
2020-05-15 00:45:00,4135001,HmiyD2TTLFNqkNe,24.8461304,22.360852133333335,0,4,
2020-05-15 01:00:00,4135001,HmiyD2TTLFNqkNe,24.621525357142858,22.165422642857145,0,5,
2020-05-15 01:15:00,4135001,HmiyD2TTLFNqkNe,24.536092200000002,21.968570866666667,0,6,
2020-05-15 01:30:00,4135001,HmiyD2TTLFNqkNe,24.638673866666664,22.352925666666668,0,7,
2020-05-15 01:45:00,4135001,HmiyD2TTLFNqkNe,24.873022333333335,23.1609192,0,8,
2020-05-15 02:00:00,4135001,HmiyD2TTLFNqkNe,24.936930466666663,23.026113,0,9,
2020-05-15 02:15:00,4135001,HmiyD2TTLFNqkNe,25.012247600000002,23.343229266666665,0,10,
2020-05-15 02:30:00,4135001,HmiyD2TTLFNqkNe,25.005149333333335,23.639459266666666,0,11,
2020-05-15 02:45:00,4135001,HmiyD2TTLFNqkNe,24.993019533333332,24.0394858,0,12,
2020-05-15 03:00:00,4135001,HmiyD2TTLFNqkNe,25.016309428571425,24.384135571428573,0,13,
2020-05-15 03:15:00,4135001,HmiyD2TTLFNqkNe,24.985215266666664,24.351507733333335,0,14,
2020-05-15 03:30:00,4135001,HmiyD2TTLFNqkNe,24.937731933333332,24.060296533333336,0,15,
2020-05-15 03:45:00,4135001,HmiyD2TTLFNqkNe,24.879099533333335,23.709794133333336,0,16,
2020-05-15 04:00:00,4135001,HmiyD2TTLFNqkNe,24.678902199999996,22.589941533333334,0,17,
2020-05-15 04:15:00,4135001,HmiyD2TTLFNqkNe,24.3519308,21.783642533333335,0,18,
2020-05-15 04:30:00,4135001,HmiyD2TTLFNqkNe,24.0626222,21.852524933333335,0,19,
2020-05-15 04:45:00,4135001,HmiyD2TTLFNqkNe,24.013224200000003,22.306315,0,20,
2020-05-15 05:00:00,4135001,HmiyD2TTLFNqkNe,24.177105799999996,22.551908466666664,0,21,
2020-05-15 05:15:00,4135001,HmiyD2TTLFNqkNe,24.304888,22.979492071428577,0,22,
2020-05-15 05:30:00,4135001,HmiyD2TTLFNqkNe,24.328727266666665,23.452380466666668,0,23,
2020-05-15 05:45:00,4135001,HmiyD2TTLFNqkNe,24.289211133333332,23.096691933333332,0.0008627212413333332,24,
2020-05-15 06:00:00,4135001,HmiyD2TTLFNqkNe,24.088446066666666,22.206756600000002,0.0058869571866666665,25,
2020-05-15 06:15:00,4135001,HmiyD2TTLFNqkNe,24.011635266666669,22.353458666666668,0.022281607466666669,26,
2020-05-15 06:30:00,4135001,HmiyD2TTLFNqkNe,23.976731266666665,22.893282,0.049409723866666665,27,
2020-05-15 06:45:00,4135001,HmiyD2TTLFNqkNe,24.21899,24.442443933333333,0.0953944536,28,
2020-05-15 07:00:00,4135001,HmiyD2TTLFNqkNe,24.537398399999997,27.185652866666665,0.1419404433333333,29,
2020-05-15 07:15:00,4135001,HmiyD2TTLFNqkNe,24.815959499999998,28.888477857142853,0.15471267571428568,30,
2020-05-15 07:30:00,4135001,HmiyD2TTLFNqkNe,24.988789866666668,29.6056438,0.14879915333333332,31,
2020-05-15 07:45:00,4135001,HmiyD2TTLFNqkNe,25.21618033333333,29.547110933333336,0.14479341893333331,32,
2020-05-15 08:00:00,4135001,HmiyD2TTLFNqkNe,25.419513066666671,31.412544733333331,0.20163862133333332,33,
2020-05-15 08:15:00,4135001,HmiyD2TTLFNqkNe,25.959082133333332,35.5287108,0.34570765333333331,34,
2020-05-15 08:30:00,4135001,HmiyD2TTLFNqkNe,26.430782066666666,40.3180586,0.40534857266666663,35,
2020-05-15 08:45:00,4135001,HmiyD2TTLFNqkNe,26.8318298,39.081953733333322,0.31242679533333328,36,
2020-05-15 09:00:00,4135001,HmiyD2TTLFNqkNe,27.6209698,45.009232600000004,0.62315264866666664,37,
2020-05-15 09:15:00,4135001,HmiyD2TTLFNqkNe,27.988362071428575,46.617706500000004,0.34488403571428572,38,
2020-05-15 09:30:00,4135001,HmiyD2TTLFNqkNe,27.516727866666667,39.136326,0.2492484,39,
2020-05-15 09:45:00,4135001,HmiyD2TTLFNqkNe,27.450107666666668,40.930576933333327,0.54120597733333342,40,
2020-05-15 10:00:00,4135001,HmiyD2TTLFNqkNe,28.632191866666666,52.5477356,0.670675372,41,
2020-05-15 10:15:00,4135001,HmiyD2TTLFNqkNe,28.768912733333337,47.633737999999994,0.57228347666666668,42,
2020-05-15 10:30:00,4135001,HmiyD2TTLFNqkNe,29.351442600000006,49.249723266666663,0.45514838333333335,43,
2020-05-15 10:45:00,4135001,HmiyD2TTLFNqkNe,28.854707866666665,44.048325600000005,0.36196165399999997,44,
2020-05-15 11:00:00,4135001,HmiyD2TTLFNqkNe,29.410819333333336,47.685453399999993,0.63656088133333322,45,
2020-05-15 11:15:00,4135001,HmiyD2TTLFNqkNe,30.21606228571428,50.006988571428572,0.5857872135714286,46,
2020-05-15 11:30:00,4135001,HmiyD2TTLFNqkNe,30.287072799999997,49.841363599999994,0.55706938333333333,47,
2020-05-15 11:45:00,4135001,HmiyD2TTLFNqkNe,30.811049333333333,47.8363832,0.46798686933333333,48,
2020-05-15 12:00:00,4135001,HmiyD2TTLFNqkNe,31.305375066666663,49.183583533333334,0.51496258666666672,49,
2020-05-15 12:15:00,4135001,HmiyD2TTLFNqkNe,31.507297733333335,49.84449266666666,0.78786602866666666,50,
2020-05-15 12:30:00,4135001,HmiyD2TTLFNqkNe,32.147684733333335,52.353255133333327,0.64924762933333335,51,
2020-05-15 12:45:00,4135001,HmiyD2TTLFNqkNe,32.391420400000008,50.631239933333326,0.76124331200000006,52,
2020-05-15 13:00:00,4135001,HmiyD2TTLFNqkNe,32.622796071428574,49.610767714285714,0.41603510142857147,53,
2020-05-15 13:15:00,4135001,HmiyD2TTLFNqkNe,32.497064466666657,47.011161333333334,0.48924394600000004,54,
2020-05-15 13:30:00,4135001,HmiyD2TTLFNqkNe,32.524621400000008,46.669862933333334,0.57456122400000009,55,
2020-05-15 13:45:00,4135001,HmiyD2TTLFNqkNe,32.678470866666672,47.516884133333335,0.560985624,56,
2020-05-15 14:00:00,4135001,HmiyD2TTLFNqkNe,33.763185400000005,49.803904333333328,0.7350834633333333,57,
2020-05-15 14:15:00,4135001,HmiyD2TTLFNqkNe,34.130769933333347,55.030613,0.89366149133333339,58,
2020-05-15 14:30:00,4135001,HmiyD2TTLFNqkNe,34.081384266666667,54.51913673333334,0.46678882400000005,59,
2020-05-15 14:45:00,4135001,HmiyD2TTLFNqkNe,33.695722214285709,47.618194642857141,0.54213849571428574,60,
2020-05-15 15:00:00,4135001,HmiyD2TTLFNqkNe,33.890576066666661,46.029081199999993,0.39888854333333335,61,
2020-05-15 15:15:00,4135001,HmiyD2TTLFNqkNe,34.043744000000004,44.286091933333331,0.44729214866666667,62,
2020-05-15 15:30:00,4135001,HmiyD2TTLFNqkNe,34.402852333333328,46.7442812,0.56519639733333327,63,
2020-05-15 15:45:00,4135001,HmiyD2TTLFNqkNe,34.430942666666674,43.9206158,0.34623069333333334,64,
2020-05-15 16:00:00,4135001,HmiyD2TTLFNqkNe,34.381150333333338,43.332853333333333,0.35818236999999997,65,
2020-05-15 16:15:00,4135001,HmiyD2TTLFNqkNe,34.12625693333333,41.007431933333336,0.32889611933333329,66,
2020-05-15 16:30:00,4135001,HmiyD2TTLFNqkNe,34.356609933333331,41.280590666666669,0.34495419600000005,67,
2020-05-15 16:45:00,4135001,HmiyD2TTLFNqkNe,33.861596533333334,39.419075933333332,0.26034675800000007,68,
2020-05-15 17:00:00,4135001,HmiyD2TTLFNqkNe,33.443313571428575,36.82670364285714,0.16681274142857141,69,
2020-05-15 17:15:00,4135001,HmiyD2TTLFNqkNe,33.30025473333334,35.852207400000005,0.17389863733333336,70,
2020-05-15 17:30:00,4135001,HmiyD2TTLFNqkNe,33.032122200000011,34.3384004,0.08716189,71,
2020-05-15 17:45:00,4135001,HmiyD2TTLFNqkNe,32.311871133333334,31.548539333333334,0.0384030336,72,
2020-05-15 18:00:00,4135001,HmiyD2TTLFNqkNe,31.132413642857141,30.225331,0.02254493642857143,73,
2020-05-15 18:15:00,4135001,HmiyD2TTLFNqkNe,29.243110933333337,28.682507400000002,0.00914994484,74,
2020-05-15 18:30:00,4135001,HmiyD2TTLFNqkNe,28.495517999999997,27.285992266666668,0.0018410245440000001,75,
2020-05-15 18:45:00,4135001,HmiyD2TTLFNqkNe,27.8840638,25.961946533333332,0,76,
2020-05-15 19:00:00,4135001,HmiyD2TTLFNqkNe,27.455975400000003,25.385313066666669,0,77,
2020-05-15 19:15:00,4135001,HmiyD2TTLFNqkNe,27.0975484,25.200846400000003,0,78,
2020-05-15 19:30:00,4135001,HmiyD2TTLFNqkNe,27.018701133333334,25.745267733333336,0.00012538276000000003,79,
2020-05-15 19:45:00,4135001,HmiyD2TTLFNqkNe,23.787237466666667,22.5114056,0.000100219904,80,
2020-05-15 20:00:00,4135001,HmiyD2TTLFNqkNe,22.663179642857141,20.290725714285713,0,81,
2020-05-15 20:15:00,4135001,HmiyD2TTLFNqkNe,23.412097066666668,20.736596666666667,0,82,
2020-05-15 20:30:00,4135001,HmiyD2TTLFNqkNe,22.300988666666669,20.375416933333337,0,83,
2020-05-15 20:45:00,4135001,HmiyD2TTLFNqkNe,22.0374816,20.312805133333331,0,84,
2020-05-15 21:00:00,4135001,HmiyD2TTLFNqkNe,22.168518066666667,20.6512674,0,85,
2020-05-15 21:15:00,4135001,HmiyD2TTLFNqkNe,22.1193604,20.632086200000003,0,86,
2020-05-15 21:30:00,4135001,HmiyD2TTLFNqkNe,22.221250333333334,20.758699666666669,0,87,
2020-05-15 21:45:00,4135001,HmiyD2TTLFNqkNe,22.236828466666665,20.914416666666668,0,88,
2020-05-15 22:00:00,4135001,HmiyD2TTLFNqkNe,22.22185842857143,20.895703928571425,0,89,
2020-05-15 22:15:00,4135001,HmiyD2TTLFNqkNe,22.149312533333333,20.732185866666665,0,90,
2020-05-15 22:30:00,4135001,HmiyD2TTLFNqkNe,22.104713866666668,20.829852066666671,0,91,
2020-05-15 22:45:00,4135001,HmiyD2TTLFNqkNe,22.057079933333338,21.072275666666666,0,92,
2020-05-15 23:00:00,4135001,HmiyD2TTLFNqkNe,22.236018307692309,21.241316538461536,0,93,
2020-05-16 02:00:00,4135001,HmiyD2TTLFNqkNe,21.68216,20.072144,0,94,
2020-05-16 02:15:00,4135001,HmiyD2TTLFNqkNe,21.6884114,19.9192038,0,95,
2020-05-16 02:30:00,4135001,HmiyD2TTLFNqkNe,21.510408533333337,19.592691933333334,0,96,
2020-05-16 02:45:00,4135001,HmiyD2TTLFNqkNe,21.496287,19.6248698,0,97,
2020-05-16 03:00:00,4135001,HmiyD2TTLFNqkNe,21.6459126,20.065205933333331,0,98,
2020-05-16 03:15:00,4135001,HmiyD2TTLFNqkNe,21.674314200000005,20.11216013333333,0,99,
2020-05-16 03:30:00,4135001,HmiyD2TTLFNqkNe,21.731420933333332,20.351884000000002,0,100,
2020-05-16 03:45:00,4135001,HmiyD2TTLFNqkNe,21.78016573333333,20.50589406666667,0,101,
2020-05-16 04:00:00,4135001,HmiyD2TTLFNqkNe,21.858555357142855,20.813910428571429,0,102,
2020-05-16 04:15:00,4135001,HmiyD2TTLFNqkNe,21.899910733333332,20.712640333333333,0,103,
2020-05-16 04:30:00,4135001,HmiyD2TTLFNqkNe,21.927048533333334,20.726037733333339,0,104,
2020-05-16 04:45:00,4135001,HmiyD2TTLFNqkNe,22.028684400000003,20.796402866666664,0,105,
2020-05-16 05:00:00,4135001,HmiyD2TTLFNqkNe,21.932779999999998,20.682259199999997,0,106,
2020-05-16 05:15:00,4135001,HmiyD2TTLFNqkNe,21.866251666666663,20.472369333333333,0,107,
2020-05-16 05:30:00,4135001,HmiyD2TTLFNqkNe,21.876585066666664,20.760192866666667,0,108,
2020-05-16 05:45:00,4135001,HmiyD2TTLFNqkNe,21.959989266666664,20.5434348,0.00014716946420000003,109,
2020-05-16 06:00:00,4135001,HmiyD2TTLFNqkNe,21.9232375,20.256814071428568,0.0062059593785714282,110,
2020-05-16 06:15:00,4135001,HmiyD2TTLFNqkNe,21.860400400000003,20.4303872,0.023633736866666664,111,
2020-05-16 06:30:00,4135001,HmiyD2TTLFNqkNe,21.985833666666664,21.195638,0.04951496813333333,112,
2020-05-16 06:45:00,4135001,HmiyD2TTLFNqkNe,22.139670733333332,22.189410333333331,0.079269643466666664,113,
2020-05-16 07:00:00,4135001,HmiyD2TTLFNqkNe,22.452713933333335,23.1112346,0.10903796833333335,114,
2020-05-16 07:15:00,4135001,HmiyD2TTLFNqkNe,22.6524518,24.241701266666666,0.13811545166666667,115,
2020-05-16 07:30:00,4135001,HmiyD2TTLFNqkNe,22.975138533333332,25.668487533333334,0.17411752466666666,116,
2020-05-16 07:45:00,4135001,HmiyD2TTLFNqkNe,23.388554071428569,27.937476071428577,0.24364280571428573,117,
2020-05-16 08:00:00,4135001,HmiyD2TTLFNqkNe,23.8905234,30.791296133333329,0.2980529893333333,118,
2020-05-16 08:15:00,4135001,HmiyD2TTLFNqkNe,24.427854333333332,33.0092104,0.3386504113333334,119,
2020-05-16 08:30:00,4135001,HmiyD2TTLFNqkNe,25.166898466666666,36.606188800000005,0.4275489526666667,120,
2020-05-16 08:45:00,4135001,HmiyD2TTLFNqkNe,25.757175666666665,38.892010733333336,0.47008148533333333,121,
2020-05-16 09:00:00,4135001,HmiyD2TTLFNqkNe,25.999422266666667,38.705900133333337,0.46118576866666666,122,
2020-05-16 09:15:00,4135001,HmiyD2TTLFNqkNe,26.297007333333337,39.343784466666662,0.41958991000000007,123,
2020-05-16 09:30:00,4135001,HmiyD2TTLFNqkNe,26.59366866666667,39.879952333333335,0.420493884,124,
2020-05-16 09:45:00,4135001,HmiyD2TTLFNqkNe,27.030969466666665,41.825665333333333,0.54059367866666652,125,
2020-05-16 10:00:00,4135001,HmiyD2TTLFNqkNe,27.611354533333337,46.072651933333333,0.49145302200000007,126,
2020-05-16 10:15:00,4135001,HmiyD2TTLFNqkNe,27.931213285714286,44.468571,0.46972883071428578,127,
2020-05-16 10:30:00,4135001,HmiyD2TTLFNqkNe,28.2829874,48.962664999999994,0.654436842,128,
2020-05-16 10:45:00,4135001,HmiyD2TTLFNqkNe,28.78232633333333,50.154118000000004,0.59552137466666666,129,
2020-05-16 11:00:00,4135001,HmiyD2TTLFNqkNe,29.155497399999998,49.156068866666658,0.57526389666666666,130,
2020-05-16 11:15:00,4135001,HmiyD2TTLFNqkNe,29.3643758,48.123854666666674,0.54237487466666667,131,
2020-05-16 11:30:00,4135001,HmiyD2TTLFNqkNe,29.6892496,46.518255333333329,0.49343055333333335,132,
2020-05-16 11:45:00,4135001,HmiyD2TTLFNqkNe,29.847391799999997,47.0438902,0.62278731,133,
2020-05-16 12:00:00,4135001,HmiyD2TTLFNqkNe,30.089862066666665,50.091819333333333,0.66200430199999993,134,
2020-05-16 12:15:00,4135001,HmiyD2TTLFNqkNe,30.376898714285712,48.675281857142849,0.54042512857142866,135,
2020-05-16 12:30:00,4135001,HmiyD2TTLFNqkNe,30.8864686,50.449570466666664,0.76711941,136,
2020-05-16 12:45:00,4135001,HmiyD2TTLFNqkNe,31.2210448,54.232745533333343,0.8122406413333334,137,
2020-05-16 13:00:00,4135001,HmiyD2TTLFNqkNe,31.313977133333335,52.8518024,0.636164586,138,
2020-05-16 13:15:00,4135001,HmiyD2TTLFNqkNe,31.662996533333335,52.0534832,0.73324359866666677,139,
2020-05-16 13:30:00,4135001,HmiyD2TTLFNqkNe,31.617256666666666,49.747872,0.58386473866666677,140,
2020-05-16 13:45:00,4135001,HmiyD2TTLFNqkNe,31.3661072,47.299729799999994,0.50239248399999992,141,
2020-05-16 14:00:00,4135001,HmiyD2TTLFNqkNe,31.423628733333338,46.57489593333333,0.435684946,142,
2020-05-16 14:15:00,4135001,HmiyD2TTLFNqkNe,31.989768333333334,47.828890133333331,0.59597713733333324,143,
2020-05-16 14:30:00,4135001,HmiyD2TTLFNqkNe,32.243264214285716,48.355486214285712,0.53450098642857147,144,
2020-05-16 14:45:00,4135001,HmiyD2TTLFNqkNe,32.3501976,46.203597266666669,0.51496440666666665,145,
2020-05-16 15:00:00,4135001,HmiyD2TTLFNqkNe,32.436879733333335,45.770209066666673,0.50362638266666659,146,
2020-05-16 15:15:00,4135001,HmiyD2TTLFNqkNe,32.524149466666671,45.840537533333325,0.419735824,147,
2020-05-16 15:30:00,4135001,HmiyD2TTLFNqkNe,32.328025399999994,43.170092666666662,0.34996235800000008,148,
2020-05-16 15:45:00,4135001,HmiyD2TTLFNqkNe,32.103391466666665,39.814438866666663,0.261408532,149,
2020-05-16 16:00:00,4135001,HmiyD2TTLFNqkNe,32.029101733333334,37.712012,0.22768125266666667,150,
2020-05-16 16:15:00,4135001,HmiyD2TTLFNqkNe,31.959759599999998,36.301157466666666,0.191869824,151,
2020-05-16 16:30:00,4135001,HmiyD2TTLFNqkNe,31.907104571428569,35.77269607142857,0.17559698357142858,152,
2020-05-16 16:45:00,4135001,HmiyD2TTLFNqkNe,31.887455333333335,34.781236066666665,0.150128168,153,
2020-05-16 17:00:00,4135001,HmiyD2TTLFNqkNe,31.747082466666665,33.739158066666661,0.13374320773333334,154,
2020-05-16 17:15:00,4135001,HmiyD2TTLFNqkNe,31.540801866666666,32.745896400000007,0.10905360300000001,155,
2020-05-16 17:30:00,4135001,HmiyD2TTLFNqkNe,31.300166866666668,31.599767866666667,0.079587311133333338,156,
2020-05-16 17:45:00,4135001,HmiyD2TTLFNqkNe,31.048598199999997,30.124161733333331,0.050450763666666662,157,
2020-05-16 18:00:00,4135001,HmiyD2TTLFNqkNe,30.311684133333333,28.362274333333332,0.026212863333333336,158,
2020-05-16 18:15:00,4135001,HmiyD2TTLFNqkNe,29.548225733333332,26.940338066666669,0.0088122812133333336,159,
2020-05-16 18:30:00,4135001,HmiyD2TTLFNqkNe,28.973063333333332,25.907948599999997,0.00035944967324000006,160,
2020-05-16 18:45:00,4135001,HmiyD2TTLFNqkNe,28.6859842,25.503218533333328,0,161,
2020-05-16 19:00:00,4135001,HmiyD2TTLFNqkNe,28.310195785714285,25.379072142857144,0,162,
2020-05-16 19:15:00,4135001,HmiyD2TTLFNqkNe,27.9578898,25.1996236,0,163,
2020-05-16 19:30:00,4135001,HmiyD2TTLFNqkNe,27.570857733333334,25.165177399999997,0,164,
2020-05-16 19:45:00,4135001,HmiyD2TTLFNqkNe,27.256431,24.9509702,0,165,
2020-05-16 20:00:00,4135001,HmiyD2TTLFNqkNe,26.941198600000003,24.497245200000002,0,166,
2020-05-16 20:15:00,4135001,HmiyD2TTLFNqkNe,26.701993733333332,24.079714066666664,0,167,
2020-05-16 20:30:00,4135001,HmiyD2TTLFNqkNe,26.483793,23.827305133333336,0,168,
2020-05-16 20:45:00,4135001,HmiyD2TTLFNqkNe,26.312024857142859,23.62220114285714,0,169,
2020-05-16 21:00:00,4135001,HmiyD2TTLFNqkNe,26.0082478,23.321525066666666,0,170,
2020-05-16 21:15:00,4135001,HmiyD2TTLFNqkNe,25.616554733333334,22.952588,0,171,
2020-05-16 21:30:00,4135001,HmiyD2TTLFNqkNe,25.286441933333332,22.648996933333329,0,172,
2020-05-16 21:45:00,4135001,HmiyD2TTLFNqkNe,25.123909400000002,22.432702733333329,0,173,
2020-05-16 22:00:00,4135001,HmiyD2TTLFNqkNe,25.0534728,22.2860412,0,174,
2020-05-16 22:15:00,4135001,HmiyD2TTLFNqkNe,24.8400106,22.0829142,0,175,
2020-05-16 22:30:00,4135001,HmiyD2TTLFNqkNe,24.612066533333333,21.977158533333334,0,176,
2020-05-16 22:45:00,4135001,HmiyD2TTLFNqkNe,24.492980857142857,22.052697285714284,0,177,
2020-05-16 23:00:00,4135001,HmiyD2TTLFNqkNe,24.461625066666663,22.186352466666669,0,178,
2020-05-16 23:15:00,4135001,HmiyD2TTLFNqkNe,24.392568066666669,22.2029236,0,179,
2020-05-16 23:30:00,4135001,HmiyD2TTLFNqkNe,24.3780212,22.112622066666667,0,180,
2020-05-16 23:45:00,4135001,HmiyD2TTLFNqkNe,24.2493468,21.814211066666665,0,181,
2020-05-17 00:00:00,4135001,HmiyD2TTLFNqkNe,24.170165933333333,21.63149,0,182,
2020-05-17 00:15:00,4135001,HmiyD2TTLFNqkNe,24.011531466666668,21.648278799999996,0,183,
2020-05-17 00:30:00,4135001,HmiyD2TTLFNqkNe,23.894948399999997,21.48822633333333,0,184,
2020-05-17 00:45:00,4135001,HmiyD2TTLFNqkNe,23.936809,21.515644642857144,0,185,
2020-05-17 01:00:00,4135001,HmiyD2TTLFNqkNe,23.879315066666667,21.539557066666667,0,186,
2020-05-17 01:15:00,4135001,HmiyD2TTLFNqkNe,23.757950866666668,21.395265666666671,0,187,
2020-05-17 01:30:00,4135001,HmiyD2TTLFNqkNe,23.732131937500004,21.8714694375,0,188,
2020-05-17 01:45:00,4135001,HmiyD2TTLFNqkNe,23.726536066666668,21.646289066666665,0,189,
2020-05-17 02:00:00,4135001,HmiyD2TTLFNqkNe,23.5248778,21.337225266666668,0,190,
2020-05-17 02:15:00,4135001,HmiyD2TTLFNqkNe,23.458154133333334,21.357688333333336,0,191,
2020-05-17 02:30:00,4135001,HmiyD2TTLFNqkNe,23.3887412,21.382649866666668,0,192,
2020-05-17 02:45:00,4135001,HmiyD2TTLFNqkNe,23.265284928571425,21.255172642857147,0,193,
2020-05-17 03:00:00,4135001,HmiyD2TTLFNqkNe,23.317295400000003,21.500791266666663,0,194,
2020-05-17 03:15:00,4135001,HmiyD2TTLFNqkNe,23.213891600000004,21.4639018,0,195,
2020-05-17 03:30:00,4135001,HmiyD2TTLFNqkNe,22.9518738,20.877089466666664,0,196,
2020-05-17 03:45:00,4135001,HmiyD2TTLFNqkNe,22.941931,20.8091066,0,197,
2020-05-17 04:00:00,4135001,HmiyD2TTLFNqkNe,22.86391193333333,20.755200200000004,0,198,
2020-05-17 04:15:00,4135001,HmiyD2TTLFNqkNe,22.822157866666668,20.885530466666662,0,199,
2020-05-17 04:30:00,4135001,HmiyD2TTLFNqkNe,22.8671814,21.154836066666668,0,200,
2020-05-17 04:45:00,4135001,HmiyD2TTLFNqkNe,22.746960466666668,21.0750916,0,201,
2020-05-17 05:00:00,4135001,HmiyD2TTLFNqkNe,22.567999266666664,20.847640066666667,0,202,
2020-05-17 05:15:00,4135001,HmiyD2TTLFNqkNe,22.572514071428571,20.913125214285717,0,203,
2020-05-17 05:30:00,4135001,HmiyD2TTLFNqkNe,22.549147400000003,21.070228933333333,0,204,
2020-05-17 05:45:00,4135001,HmiyD2TTLFNqkNe,22.5879394,21.226391533333334,0.00033345488200000006,205,
2020-05-17 06:00:00,4135001,HmiyD2TTLFNqkNe,22.693113133333334,21.416339066666666,0.00478462602,206,
2020-05-17 06:15:00,4135001,HmiyD2TTLFNqkNe,22.794816266666668,21.689546733333334,0.012349707533333334,207,
2020-05-17 06:30:00,4135001,HmiyD2TTLFNqkNe,22.685673066666666,21.890338266666671,0.034180881400000009,208,
2020-05-17 06:45:00,4135001,HmiyD2TTLFNqkNe,22.948565733333329,22.597631933333332,0.0679046076,209,
2020-05-17 07:00:00,4135001,HmiyD2TTLFNqkNe,23.292498933333334,23.832456399999998,0.10699605593333333,210,
2020-05-17 07:15:00,4135001,HmiyD2TTLFNqkNe,23.610992333333332,25.834047333333334,0.19643339666666668,211,
2020-05-17 07:30:00,4135001,HmiyD2TTLFNqkNe,23.908458142857143,27.499169499999997,0.22192249214285714,212,
2020-05-17 07:45:00,4135001,HmiyD2TTLFNqkNe,24.331876666666663,30.978354933333332,0.32246475466666663,213,
2020-05-17 08:00:00,4135001,HmiyD2TTLFNqkNe,25.0617614,34.632714666666672,0.37870241199999993,214,
2020-05-17 08:15:00,4135001,HmiyD2TTLFNqkNe,25.646803733333336,37.817976733333339,0.38355026933333336,215,
2020-05-17 08:30:00,4135001,HmiyD2TTLFNqkNe,26.14622593333333,40.326182133333333,0.41697534666666669,216,
2020-05-17 08:45:00,4135001,HmiyD2TTLFNqkNe,27.030932600000003,44.456192933333341,0.56181163200000006,217,
2020-05-17 09:00:00,4135001,HmiyD2TTLFNqkNe,27.683191,48.176432,0.57608445933333341,218,
2020-05-17 09:15:00,4135001,HmiyD2TTLFNqkNe,27.985940285714285,45.117409714285706,0.4417064292857143,219,
2020-05-17 09:30:00,4135001,HmiyD2TTLFNqkNe,28.599102733333332,46.904978533333328,0.626964662,220,
2020-05-17 09:45:00,4135001,HmiyD2TTLFNqkNe,29.235619999999997,49.9406148,0.77235807133333323,221,
2020-05-17 10:00:00,4135001,HmiyD2TTLFNqkNe,30.091312666666663,52.089469333333334,0.75353744466666672,222,
2020-05-17 10:15:00,4135001,HmiyD2TTLFNqkNe,30.026188133333335,48.932501133333325,0.71754516866666662,223,
2020-05-17 10:30:00,4135001,HmiyD2TTLFNqkNe,30.158901066666665,50.718400200000005,0.685881602,224,
2020-05-17 10:45:00,4135001,HmiyD2TTLFNqkNe,31.067425533333335,55.4462772,0.85510907533333347,225,
2020-05-17 11:00:00,4135001,HmiyD2TTLFNqkNe,31.164858066666671,55.28936173333333,0.81238905266666661,226,
2020-05-17 11:15:00,4135001,HmiyD2TTLFNqkNe,31.531129999999997,60.208569533333332,0.997903636,227,
2020-05-17 11:30:00,4135001,HmiyD2TTLFNqkNe,32.317808071428566,63.145581571428572,0.97745754000000007,228,
2020-05-17 11:45:00,4135001,HmiyD2TTLFNqkNe,32.5278644,61.801991600000008,0.86990895600000007,229,
2020-05-17 12:00:00,4135001,HmiyD2TTLFNqkNe,32.495967666666665,56.101076266666674,0.635450962,230,
2020-05-17 12:15:00,4135001,HmiyD2TTLFNqkNe,32.985549066666671,55.0942282,0.78358938866666672,231,
2020-05-17 12:30:00,4135001,HmiyD2TTLFNqkNe,33.108337133333343,56.415863200000004,0.66967051266666677,232,
2020-05-17 12:45:00,4135001,HmiyD2TTLFNqkNe,33.649187800000007,56.556677533333335,0.83712435266666674,233,
2020-05-17 13:00:00,4135001,HmiyD2TTLFNqkNe,33.886926266666663,53.80755813333333,0.4224988753333333,234,
2020-05-17 13:15:00,4135001,HmiyD2TTLFNqkNe,33.053440333333334,43.3909484,0.45177123399999997,235,
2020-05-17 13:30:00,4135001,HmiyD2TTLFNqkNe,33.727413,54.2896504,0.74288974266666674,236,
2020-05-17 13:45:00,4135001,HmiyD2TTLFNqkNe,34.052298642857139,52.027917142857135,0.62508499428571429,237,
2020-05-17 14:00:00,4135001,HmiyD2TTLFNqkNe,34.484839133333331,55.329905066666669,0.69777257533333337,238,
2020-05-17 14:15:00,4135001,HmiyD2TTLFNqkNe,34.304164533333335,47.853904533333335,0.43117843066666667,239,
2020-05-17 14:30:00,4135001,HmiyD2TTLFNqkNe,34.024115333333341,44.905969266666666,0.31508990266666675,240,
2020-05-17 14:45:00,4135001,HmiyD2TTLFNqkNe,34.147082733333335,47.635827666666664,0.65982711799999993,241,
2020-05-17 15:00:00,4135001,HmiyD2TTLFNqkNe,35.109771733333332,54.05481966666666,0.68363620133333336,242,
2020-05-17 15:15:00,4135001,HmiyD2TTLFNqkNe,35.252486133333342,49.988671666666669,0.51024167266666676,243,
2020-05-17 15:30:00,4135001,HmiyD2TTLFNqkNe,34.981652571428569,49.418605214285719,0.59090048571428566,244,
2020-05-17 15:45:00,4135001,HmiyD2TTLFNqkNe,34.6127872,43.389715933333321,0.28931288200000005,245,
2020-05-17 16:00:00,4135001,HmiyD2TTLFNqkNe,34.737507999999991,44.045326466666666,0.45336588266666666,246,
2020-05-17 16:15:00,4135001,HmiyD2TTLFNqkNe,31.031938857142855,39.526938357142853,0.33843311571428569,247,
2020-05-17 16:30:00,4135001,HmiyD2TTLFNqkNe,29.56562293333333,36.276623400000005,0.29131288666666666,248,
2020-05-17 16:45:00,4135001,HmiyD2TTLFNqkNe,29.363769533333336,35.604502399999994,0.257869254,249,
2020-05-17 17:00:00,4135001,HmiyD2TTLFNqkNe,28.750748666666663,32.943304533333333,0.14100155026666664,250,
2020-05-17 17:15:00,4135001,HmiyD2TTLFNqkNe,28.296647200000002,30.6336732,0.11703417066666667,251,
2020-05-17 17:30:00,4135001,HmiyD2TTLFNqkNe,27.601739071428572,29.478367428571431,0.094512841714285728,252,
2020-05-17 17:45:00,4135001,HmiyD2TTLFNqkNe,26.728900000000003,27.917517000000004,0.061722936333333332,253,
2020-05-17 18:00:00,4135001,HmiyD2TTLFNqkNe,26.354187066666668,26.4137554,0.023625547766666668,254,
2020-05-17 18:15:00,4135001,HmiyD2TTLFNqkNe,26.136122600000004,25.373767200000003,0.010367788026666665,255,
2020-05-17 18:30:00,4135001,HmiyD2TTLFNqkNe,26.141086733333331,25.047680666666668,0.00083712040924666673,256,
2020-05-17 18:45:00,4135001,HmiyD2TTLFNqkNe,25.996614400000006,24.617095866666666,0,257,
2020-05-17 19:00:00,4135001,HmiyD2TTLFNqkNe,25.8602378,24.0412028,0,258,
2020-05-17 19:15:00,4135001,HmiyD2TTLFNqkNe,25.983874333333333,24.024733466666671,0,259,
2020-05-17 19:30:00,4135001,HmiyD2TTLFNqkNe,25.908121666666666,24.077667266666673,0,260,
2020-05-17 19:45:00,4135001,HmiyD2TTLFNqkNe,25.816386571428573,24.16028707142857,0,261,
2020-05-17 20:00:00,4135001,HmiyD2TTLFNqkNe,25.671177266666668,24.322601266666666,0,262,
2020-05-17 20:15:00,4135001,HmiyD2TTLFNqkNe,25.501432266666665,23.832798466666663,0,263,
2020-05-17 20:30:00,4135001,HmiyD2TTLFNqkNe,25.29024046666667,23.789335066666666,0,264,
2020-05-17 20:45:00,4135001,HmiyD2TTLFNqkNe,25.28608,24.130078200000003,0,265,
2020-05-17 21:00:00,4135001,HmiyD2TTLFNqkNe,25.382098400000004,24.566922999999996,0,266,
2020-05-17 21:15:00,4135001,HmiyD2TTLFNqkNe,22.50401006666667,21.093290266666667,0,267,
2020-05-17 21:30:00,4135001,HmiyD2TTLFNqkNe,21.507785933333331,20.427958,0,268,
2020-05-17 21:45:00,4135001,HmiyD2TTLFNqkNe,21.294806357142853,20.377120928571429,0,269,
2020-05-17 22:00:00,4135001,HmiyD2TTLFNqkNe,21.237546733333335,20.449766,0,270,
2020-05-17 22:15:00,4135001,HmiyD2TTLFNqkNe,21.260813466666665,20.511557999999997,0,271,
2020-05-17 22:30:00,4135001,HmiyD2TTLFNqkNe,21.314433,20.633658733333331,0,272,
2020-05-17 22:45:00,4135001,HmiyD2TTLFNqkNe,21.315891533333332,20.690883266666667,0,273,
2020-05-17 23:00:00,4135001,HmiyD2TTLFNqkNe,21.220532199999997,20.590588399999994,0,274,
2020-05-17 23:15:00,4135001,HmiyD2TTLFNqkNe,21.216575066666667,20.635392200000002,0,275,
2020-05-17 23:30:00,4135001,HmiyD2TTLFNqkNe,21.273111999999998,20.632493266666668,0,276,
2020-05-17 23:45:00,4135001,HmiyD2TTLFNqkNe,21.209418285714285,20.563114714285714,0,277,
2020-05-18 00:00:00,4135001,HmiyD2TTLFNqkNe,21.1556906,20.599399733333335,0,278,
2020-05-18 00:15:00,4135001,HmiyD2TTLFNqkNe,21.0414368,20.475962266666667,0,279,
2020-05-18 00:30:00,4135001,HmiyD2TTLFNqkNe,21.142067533333332,20.531305,0,280,
2020-05-18 00:45:00,4135001,HmiyD2TTLFNqkNe,21.137257733333332,20.533317066666665,0,281,
2020-05-18 01:00:00,4135001,HmiyD2TTLFNqkNe,21.070792666666662,20.480647866666665,0,282,
2020-05-18 01:15:00,4135001,HmiyD2TTLFNqkNe,20.989664666666666,20.385624066666669,0,283,
2020-05-18 01:30:00,4135001,HmiyD2TTLFNqkNe,20.983842,20.376831,0,284,
2020-05-18 01:45:00,4135001,HmiyD2TTLFNqkNe,21.027005866666663,20.393176200000003,0,285,
2020-05-18 02:00:00,4135001,HmiyD2TTLFNqkNe,20.969343142857145,20.333883999999998,0,286,
2020-05-18 02:15:00,4135001,HmiyD2TTLFNqkNe,21.007230733333337,20.224764,0,287,
2020-05-18 02:30:00,4135001,HmiyD2TTLFNqkNe,21.130657933333335,20.224632,0,288,
2020-05-18 02:45:00,4135001,HmiyD2TTLFNqkNe,21.211199999999995,20.258032333333333,0,289,
2020-05-18 03:00:00,4135001,HmiyD2TTLFNqkNe,21.258343533333335,20.346830266666668,0,290,
2020-05-18 03:15:00,4135001,HmiyD2TTLFNqkNe,21.351094533333331,20.845668599999996,0,291,
2020-05-18 03:30:00,4135001,HmiyD2TTLFNqkNe,21.370375666666664,21.007391333333334,0,292,
2020-05-18 03:45:00,4135001,HmiyD2TTLFNqkNe,21.3891804,20.861598733333334,0,293,
2020-05-18 04:00:00,4135001,HmiyD2TTLFNqkNe,21.4589906,20.882826733333335,0,294,
2020-05-18 04:15:00,4135001,HmiyD2TTLFNqkNe,21.187731933333335,20.365230333333333,0,295,
2020-05-18 04:30:00,4135001,HmiyD2TTLFNqkNe,21.036965428571428,19.755687071428575,0,296,
2020-05-18 04:45:00,4135001,HmiyD2TTLFNqkNe,20.961525466666664,19.477531066666671,0,297,
2020-05-18 05:00:00,4135001,HmiyD2TTLFNqkNe,21.000248333333335,19.778517666666666,0,298,
2020-05-18 05:15:00,4135001,HmiyD2TTLFNqkNe,21.127661266666664,20.065865,0,299,
2020-05-18 05:30:00,4135001,HmiyD2TTLFNqkNe,21.194393066666667,20.01042266666667,0,300,
2020-05-18 05:45:00,4135001,HmiyD2TTLFNqkNe,21.265387133333331,19.976233133333334,0.00051996566333333341,301,
2020-05-18 06:00:00,4135001,HmiyD2TTLFNqkNe,21.308361733333335,20.288323866666669,0.00859414896,302,
2020-05-18 06:15:00,4135001,HmiyD2TTLFNqkNe,21.431498266666665,20.859558,0.028366828933333334,303,
2020-05-18 06:30:00,4135001,HmiyD2TTLFNqkNe,21.610323285714291,21.560446571428574,0.053956135714285709,304,
2020-05-18 06:45:00,4135001,HmiyD2TTLFNqkNe,21.672629800000003,22.118843733333332,0.080550227533333338,305,
2020-05-18 07:00:00,4135001,HmiyD2TTLFNqkNe,21.834507400000003,23.140696266666669,0.11754557266666667,306,
2020-05-18 07:15:00,4135001,HmiyD2TTLFNqkNe,22.198730533333329,25.319020466666665,0.18703004600000003,307,
2020-05-18 07:30:00,4135001,HmiyD2TTLFNqkNe,22.696124266666665,28.360955799999996,0.2446230293333333,308,
2020-05-18 07:45:00,4135001,HmiyD2TTLFNqkNe,23.109639466666664,29.0602518,0.119259876,309,
2020-05-18 08:00:00,4135001,HmiyD2TTLFNqkNe,23.232289466666664,26.9630168,0.082955803933333322,310,
2020-05-18 08:15:00,4135001,HmiyD2TTLFNqkNe,23.337219066666666,26.206347733333335,0.089748178333333331,311,
2020-05-18 08:30:00,4135001,HmiyD2TTLFNqkNe,23.508648666666669,26.8290996,0.11809229466666667,312,
2020-05-18 08:45:00,4135001,HmiyD2TTLFNqkNe,23.5459355,27.599182000000003,0.12464406464285714,313,
2020-05-18 09:00:00,4135001,HmiyD2TTLFNqkNe,23.741259799999998,27.860758533333335,0.1154349828,314,
2020-05-18 09:15:00,4135001,HmiyD2TTLFNqkNe,23.763322000000002,27.507177666666667,0.11040829786666666,315,
2020-05-18 09:30:00,4135001,HmiyD2TTLFNqkNe,23.76201373333333,27.197131266666666,0.0963806904,316,
2020-05-18 09:45:00,4135001,HmiyD2TTLFNqkNe,23.762135733333334,26.630550000000003,0.099295161800000017,317,
2020-05-18 10:00:00,4135001,HmiyD2TTLFNqkNe,23.874625599999998,26.81340946666667,0.112813087,318,
2020-05-18 10:15:00,4135001,HmiyD2TTLFNqkNe,23.838385,27.240083733333336,0.14224673506666669,319,
2020-05-18 10:30:00,4135001,HmiyD2TTLFNqkNe,24.006947666666665,28.83434853333333,0.20888875000000004,320,
2020-05-18 10:45:00,4135001,HmiyD2TTLFNqkNe,24.324541357142856,32.964675928571424,0.374390925,321,
2020-05-18 11:00:00,4135001,HmiyD2TTLFNqkNe,24.86980793333333,37.537280399999993,0.43490468533333337,322,
2020-05-18 11:15:00,4135001,HmiyD2TTLFNqkNe,25.1295838,39.552423133333335,0.48475058733333332,323,
2020-05-18 11:30:00,4135001,HmiyD2TTLFNqkNe,25.289666666666665,38.928125066666659,0.35146505466666667,324,
2020-05-18 11:45:00,4135001,HmiyD2TTLFNqkNe,25.215167266666665,37.611216199999994,0.41488319333333334,325,
2020-05-18 12:00:00,4135001,HmiyD2TTLFNqkNe,25.706630533333332,41.3690166,0.56231299066666662,326,
2020-05-18 12:15:00,4135001,HmiyD2TTLFNqkNe,26.310502066666665,46.148805933333335,0.6032151686666668,327,
2020-05-18 12:30:00,4135001,HmiyD2TTLFNqkNe,26.840596666666666,45.97044666666666,0.59324372333333319,328,
2020-05-18 12:45:00,4135001,HmiyD2TTLFNqkNe,26.932354666666669,44.0610454,0.55112984533333342,329,
2020-05-18 13:00:00,4135001,HmiyD2TTLFNqkNe,27.019004333333331,45.002500266666665,0.56736982466666674,330,
2020-05-18 13:15:00,4135001,HmiyD2TTLFNqkNe,27.123125214285714,43.864327642857148,0.72282682428571432,331,
2020-05-18 13:30:00,4135001,HmiyD2TTLFNqkNe,27.371872999999994,49.587601799999995,0.80684692799999991,332,
2020-05-18 13:45:00,4135001,HmiyD2TTLFNqkNe,27.86127913333333,52.845011266666667,0.97148052,333,
2020-05-18 14:00:00,4135001,HmiyD2TTLFNqkNe,28.367100066666662,53.9367392,0.72355322066666672,334,
2020-05-18 14:15:00,4135001,HmiyD2TTLFNqkNe,27.717987066666662,42.515350533333326,0.344136892,335,
2020-05-18 14:30:00,4135001,HmiyD2TTLFNqkNe,27.390254733333336,39.454895066666673,0.45346188400000004,336,
2020-05-18 14:45:00,4135001,HmiyD2TTLFNqkNe,27.217750933333335,38.819874999999996,0.43868137533333323,337,
2020-05-18 15:00:00,4135001,HmiyD2TTLFNqkNe,27.292958600000002,41.946697666666658,0.5478691779999999,338,
2020-05-18 15:15:00,4135001,HmiyD2TTLFNqkNe,27.225152733333335,42.824544066666668,0.555787044,339,
2020-05-18 15:30:00,4135001,HmiyD2TTLFNqkNe,27.568237285714286,43.823514714285707,0.52508064,340,
2020-05-18 15:45:00,4135001,HmiyD2TTLFNqkNe,27.814182533333334,43.054219466666666,0.496169466,341,
2020-05-18 16:00:00,4135001,HmiyD2TTLFNqkNe,27.823516666666663,40.7451396,0.4127974533333334,342,
2020-05-18 16:15:00,4135001,HmiyD2TTLFNqkNe,27.479427066666666,37.63392773333333,0.299364092,343,
2020-05-18 16:30:00,4135001,HmiyD2TTLFNqkNe,27.230830933333333,34.6317082,0.2568065713333334,344,
2020-05-18 16:45:00,4135001,HmiyD2TTLFNqkNe,27.048868933333331,32.782216333333324,0.19719159866666669,345,
2020-05-18 17:00:00,4135001,HmiyD2TTLFNqkNe,26.624064000000004,30.854392533333332,0.14928007466666668,346,
2020-05-18 17:15:00,4135001,HmiyD2TTLFNqkNe,26.434037266666667,29.214530333333332,0.1109690122,347,
2020-05-18 17:30:00,4135001,HmiyD2TTLFNqkNe,26.11982735714286,27.814555357142858,0.077580451214285723,348,
2020-05-18 17:45:00,4135001,HmiyD2TTLFNqkNe,25.672503600000002,26.492338066666662,0.0509663638,349,
2020-05-18 18:00:00,4135001,HmiyD2TTLFNqkNe,25.250388666666666,25.3468934,0.03079015626666667,350,
2020-05-18 18:15:00,4135001,HmiyD2TTLFNqkNe,24.9734254,24.411950666666669,0.013907364146666667,351,
2020-05-18 18:30:00,4135001,HmiyD2TTLFNqkNe,24.746293133333332,23.715887466666668,0.0019180998580666667,352,
2020-05-18 18:45:00,4135001,HmiyD2TTLFNqkNe,24.629044733333334,23.3245056,0,353,
2020-05-18 19:00:00,4135001,HmiyD2TTLFNqkNe,24.541290266666667,23.18553866666667,0,354,
2020-05-18 19:15:00,4135001,HmiyD2TTLFNqkNe,24.498402866666666,23.097552533333332,0,355,
2020-05-18 19:30:00,4135001,HmiyD2TTLFNqkNe,24.466125533333333,23.028159666666667,0,356,
2020-05-18 19:45:00,4135001,HmiyD2TTLFNqkNe,24.412615999999996,22.996329666666664,0,357,
2020-05-18 20:00:00,4135001,HmiyD2TTLFNqkNe,24.337757500000002,22.612239071428572,0,358,
2020-05-18 20:15:00,4135001,HmiyD2TTLFNqkNe,24.169771333333333,21.926884066666666,0,359,
2020-05-18 20:30:00,4135001,HmiyD2TTLFNqkNe,24.051348733333338,21.943363466666668,0,360,
2020-05-18 20:45:00,4135001,HmiyD2TTLFNqkNe,23.8982564,21.728692533333327,0,361,
2020-05-18 21:00:00,4135001,HmiyD2TTLFNqkNe,23.726550333333332,21.563179466666668,0,362,
2020-05-18 21:15:00,4135001,HmiyD2TTLFNqkNe,23.632824666666664,21.526403933333331,0,363,
2020-05-18 21:30:00,4135001,HmiyD2TTLFNqkNe,23.644559666666666,21.496999066666667,0,364,
2020-05-18 21:45:00,4135001,HmiyD2TTLFNqkNe,23.303951066666663,21.161399333333335,0,365,
2020-05-18 22:00:00,4135001,HmiyD2TTLFNqkNe,23.088842866666667,20.913444000000002,0,366,
2020-05-18 22:15:00,4135001,HmiyD2TTLFNqkNe,22.913321142857139,20.759881142857139,0,367,
2020-05-18 22:30:00,4135001,HmiyD2TTLFNqkNe,22.8502136,20.732053666666669,0,368,
2020-05-18 22:45:00,4135001,HmiyD2TTLFNqkNe,22.8157798,20.727923666666669,0,369,
2020-05-18 23:00:00,4135001,HmiyD2TTLFNqkNe,22.787469466666668,20.8693136,0,370,
2020-05-18 23:15:00,4135001,HmiyD2TTLFNqkNe,22.8566712,21.085955733333336,0,371,
2020-05-18 23:30:00,4135001,HmiyD2TTLFNqkNe,22.750575866666665,20.816385866666668,0,372,
2020-05-18 23:45:00,4135001,HmiyD2TTLFNqkNe,22.621004266666663,20.6383708,0,373,
2020-05-19 00:00:00,4135001,HmiyD2TTLFNqkNe,22.6109822,20.609905933333334,0,374,
2020-05-19 00:15:00,4135001,HmiyD2TTLFNqkNe,22.54899814285714,20.52987657142857,0,375,
2020-05-19 00:30:00,4135001,HmiyD2TTLFNqkNe,22.553049733333332,20.4879678,0,376,
2020-05-19 00:45:00,4135001,HmiyD2TTLFNqkNe,22.566217133333332,20.4848938,0,377,
2020-05-19 01:00:00,4135001,HmiyD2TTLFNqkNe,22.6252198,20.58671073333333,0,378,
2020-05-19 01:15:00,4135001,HmiyD2TTLFNqkNe,22.595463066666667,20.627077333333336,0,379,
2020-05-19 01:30:00,4135001,HmiyD2TTLFNqkNe,22.593550599999997,20.697031866666666,0,380,
2020-05-19 01:45:00,4135001,HmiyD2TTLFNqkNe,22.701711000000003,20.7254476,0,381,
2020-05-19 02:00:00,4135001,HmiyD2TTLFNqkNe,22.759263,20.750472000000002,0,382,
2020-05-19 02:15:00,4135001,HmiyD2TTLFNqkNe,22.814073785714285,20.771355785714285,0,383,
2020-05-19 02:30:00,4135001,HmiyD2TTLFNqkNe,22.8776184,20.811470600000003,0,384,
2020-05-19 02:45:00,4135001,HmiyD2TTLFNqkNe,22.930031466666669,20.8492228,0,385,
2020-05-19 03:00:00,4135001,HmiyD2TTLFNqkNe,22.953436333333336,20.841914799999998,0,386,
2020-05-19 03:15:00,4135001,HmiyD2TTLFNqkNe,23.002309133333327,20.791969933333334,0,387,
2020-05-19 03:30:00,4135001,HmiyD2TTLFNqkNe,23.046834399999998,20.812300666666665,0,388,
2020-05-19 03:45:00,4135001,HmiyD2TTLFNqkNe,23.070223000000002,20.8081972,0,389,
2020-05-19 04:00:00,4135001,HmiyD2TTLFNqkNe,23.082743266666665,20.7709128,0,390,
2020-05-19 04:15:00,4135001,HmiyD2TTLFNqkNe,23.192212785714286,20.853243214285712,0,391,
2020-05-19 04:30:00,4135001,HmiyD2TTLFNqkNe,23.218198666666666,20.882387400000002,0,392,
2020-05-19 04:45:00,4135001,HmiyD2TTLFNqkNe,23.269362399999995,20.983366000000004,0,393,
2020-05-19 05:00:00,4135001,HmiyD2TTLFNqkNe,23.351676466666664,21.251873733333333,0,394,
2020-05-19 05:15:00,4135001,HmiyD2TTLFNqkNe,23.342588333333335,21.2198508,0,395,
2020-05-19 05:30:00,4135001,HmiyD2TTLFNqkNe,23.192911733333332,20.934275333333332,0,396,
2020-05-19 05:45:00,4135001,HmiyD2TTLFNqkNe,23.147200466666668,21.204652933333332,0.00031831781686666668,397,
2020-05-19 06:00:00,4135001,HmiyD2TTLFNqkNe,23.281386399999995,21.919765266666666,0.00431375216,398,
2020-05-19 06:15:00,4135001,HmiyD2TTLFNqkNe,23.344480214285714,22.342457428571432,0.0096971220999999986,399,
2020-05-19 06:30:00,4135001,HmiyD2TTLFNqkNe,23.427264533333332,22.553234866666664,0.012650073333333334,400,
2020-05-19 06:45:00,4135001,HmiyD2TTLFNqkNe,23.587766400000003,22.965578200000003,0.04675224233333334,401,
2020-05-19 07:00:00,4135001,HmiyD2TTLFNqkNe,24.034554,24.97640393333333,0.1720124636666667,402,
2020-05-19 07:15:00,4135001,HmiyD2TTLFNqkNe,24.505352933333331,27.033671066666663,0.18750661933333332,403,
2020-05-19 07:30:00,4135001,HmiyD2TTLFNqkNe,24.807417866666661,29.581636466666666,0.18865497999999997,404,
2020-05-19 07:45:00,4135001,HmiyD2TTLFNqkNe,25.046755133333335,31.106146266666663,0.23511563866666671,405,
2020-05-19 08:00:00,4135001,HmiyD2TTLFNqkNe,25.179372266666665,30.782277533333335,0.13121155273333335,406,
2020-05-19 08:15:00,4135001,HmiyD2TTLFNqkNe,25.188796928571428,30.107465642857143,0.19409154428571432,407,
2020-05-19 08:30:00,4135001,HmiyD2TTLFNqkNe,25.615071666666669,33.972491733333335,0.2977888,408,
2020-05-19 08:45:00,4135001,HmiyD2TTLFNqkNe,25.791660533333335,34.815734666666664,0.27351504733333332,409,
2020-05-19 09:00:00,4135001,HmiyD2TTLFNqkNe,26.121533200000002,36.858085066666661,0.38689201200000006,410,
2020-05-19 09:15:00,4135001,HmiyD2TTLFNqkNe,26.495521866666664,39.636977133333332,0.42411810266666666,411,
2020-05-19 09:30:00,4135001,HmiyD2TTLFNqkNe,27.322759933333337,45.7407144,0.64654748866666656,412,
2020-05-19 09:45:00,4135001,HmiyD2TTLFNqkNe,27.519643266666669,46.130108666666665,0.52611061533333325,413,
2020-05-19 10:00:00,4135001,HmiyD2TTLFNqkNe,27.605253133333335,43.148862666666666,0.4921659633333334,414,
2020-05-19 10:15:00,4135001,HmiyD2TTLFNqkNe,27.712920999999998,43.051186571428566,0.59249358071428571,415,
2020-05-19 10:30:00,4135001,HmiyD2TTLFNqkNe,27.890993266666669,44.395534466666668,0.51103622133333337,416,
2020-05-19 10:45:00,4135001,HmiyD2TTLFNqkNe,27.815673733333334,43.863232400000008,0.60155917600000008,417,
2020-05-19 11:00:00,4135001,HmiyD2TTLFNqkNe,28.1994974,48.014198666666665,0.813000858,418,
2020-05-19 11:15:00,4135001,HmiyD2TTLFNqkNe,28.478570533333333,47.685272,0.49947327399999991,419,
2020-05-19 11:30:00,4135001,HmiyD2TTLFNqkNe,28.081733749999998,40.725124125,0.28339002500000005,420,
2020-05-19 12:30:00,4135001,HmiyD2TTLFNqkNe,29.644663666666666,49.077839999999995,0.73832813,421,
2020-05-19 12:45:00,4135001,HmiyD2TTLFNqkNe,29.951437399999996,51.408309800000005,0.835832152,422,
2020-05-19 13:00:00,4135001,HmiyD2TTLFNqkNe,30.105845400000003,51.847741733333329,0.70194330133333349,423,
2020-05-19 13:15:00,4135001,HmiyD2TTLFNqkNe,29.9082072,49.460659,0.54735484666666678,424,
2020-05-19 13:30:00,4135001,HmiyD2TTLFNqkNe,29.603155533333332,44.5125144,0.53069364933333341,425,
2020-05-19 13:45:00,4135001,HmiyD2TTLFNqkNe,29.985475733333335,48.13686326666668,0.72125849400000019,426,
2020-05-19 14:00:00,4135001,HmiyD2TTLFNqkNe,29.9116638,49.188905600000005,0.64480236533333324,427,
2020-05-19 14:15:00,4135001,HmiyD2TTLFNqkNe,30.111476357142855,49.456278999999995,0.68242111642857139,428,
2020-05-19 14:30:00,4135001,HmiyD2TTLFNqkNe,30.299320466666668,50.359466600000005,0.730578768,429,
2020-05-19 14:45:00,4135001,HmiyD2TTLFNqkNe,30.368631999999998,50.099892,0.702796554,430,
2020-05-19 15:00:00,4135001,HmiyD2TTLFNqkNe,30.22064013333333,46.658667066666673,0.5274703919999999,431,
2020-05-19 15:15:00,4135001,HmiyD2TTLFNqkNe,30.035451333333331,43.317071399999996,0.43247106533333335,432,
2020-05-19 15:30:00,4135001,HmiyD2TTLFNqkNe,29.785141866666667,40.8995442,0.45006760466666673,433,
2020-05-19 15:45:00,4135001,HmiyD2TTLFNqkNe,29.761686133333335,40.829559533333331,0.37986590466666664,434,
2020-05-19 16:00:00,4135001,HmiyD2TTLFNqkNe,29.7693278,40.701816533333336,0.46157561466666663,435,
2020-05-19 16:15:00,4135001,HmiyD2TTLFNqkNe,29.911296071428573,41.1940265,0.39041503714285714,436,
2020-05-19 16:30:00,4135001,HmiyD2TTLFNqkNe,29.657731199999997,39.182700733333334,0.32866784133333338,437,
2020-05-19 16:45:00,4135001,HmiyD2TTLFNqkNe,29.373718266666668,36.961120666666673,0.26393674066666667,438,
2020-05-19 17:00:00,4135001,HmiyD2TTLFNqkNe,29.096531133333336,34.4538818,0.18926089399999999,439,
2020-05-19 17:15:00,4135001,HmiyD2TTLFNqkNe,28.599155533333334,31.82115473333333,0.1278067490666667,440,
2020-05-19 17:30:00,4135001,HmiyD2TTLFNqkNe,28.11065073333333,29.98121346666667,0.087228080000000013,441,
2020-05-19 17:45:00,4135001,HmiyD2TTLFNqkNe,27.6489196,28.547047799999998,0.0377508244,442,
2020-05-19 18:00:00,4135001,HmiyD2TTLFNqkNe,25.0463766,25.426198266666667,0.0015752938426666669,443,
2020-05-19 18:15:00,4135001,HmiyD2TTLFNqkNe,23.200492399999998,22.072212666666662,0.00032863365066666665,444,
2020-05-19 18:30:00,4135001,HmiyD2TTLFNqkNe,22.543171428571426,20.736243071428571,0,445,
2020-05-19 18:45:00,4135001,HmiyD2TTLFNqkNe,22.475012133333333,20.737575266666667,1.5969891733333336e-05,446,
2020-05-19 19:00:00,4135001,HmiyD2TTLFNqkNe,22.450284866666667,20.745479333333332,0,447,
2020-05-19 19:15:00,4135001,HmiyD2TTLFNqkNe,22.510243666666668,20.685723933333335,0,448,
2020-05-19 19:30:00,4135001,HmiyD2TTLFNqkNe,22.547684733333334,20.474129266666669,0,449,
2020-05-19 19:45:00,4135001,HmiyD2TTLFNqkNe,22.490025066666668,20.333485733333337,0,450,
2020-05-19 20:00:00,4135001,HmiyD2TTLFNqkNe,22.388783866666664,20.062143933333335,0,451,
2020-05-19 20:15:00,4135001,HmiyD2TTLFNqkNe,22.859175533333335,20.228641866666667,0,452,
2020-05-19 20:30:00,4135001,HmiyD2TTLFNqkNe,23.404880666666664,20.620768133333332,0,453,
2020-05-19 20:45:00,4135001,HmiyD2TTLFNqkNe,23.8672628,21.101176,0,454,
2020-05-19 21:00:00,4135001,HmiyD2TTLFNqkNe,24.022574214285711,21.449929357142853,0,455,
2020-05-19 21:15:00,4135001,HmiyD2TTLFNqkNe,24.003786199999997,21.4630168,0,456,
2020-05-19 21:30:00,4135001,HmiyD2TTLFNqkNe,23.942895466666663,21.38899133333333,0,457,
2020-05-19 21:45:00,4135001,HmiyD2TTLFNqkNe,23.8231872,21.248335666666669,0,458,
2020-05-19 22:00:00,4135001,HmiyD2TTLFNqkNe,23.671329800000002,21.182110533333329,0,459,
2020-05-19 22:15:00,4135001,HmiyD2TTLFNqkNe,23.7010498,21.558252,0,460,
2020-05-19 22:30:00,4135001,HmiyD2TTLFNqkNe,23.560729933333331,21.317966733333332,0,461,
2020-05-19 22:45:00,4135001,HmiyD2TTLFNqkNe,23.3931456,21.106274533333334,0,462,
2020-05-19 23:00:00,4135001,HmiyD2TTLFNqkNe,23.230816733333334,20.721447733333335,0,463,
2020-05-19 23:15:00,4135001,HmiyD2TTLFNqkNe,22.916650214285713,20.368068142857144,0,464,
2020-05-19 23:30:00,4135001,HmiyD2TTLFNqkNe,22.787917200000003,20.3267742,0,465,
2020-05-19 23:45:00,4135001,HmiyD2TTLFNqkNe,22.638492866666663,20.2964478,0,466,
2020-05-20 00:00:00,4135001,HmiyD2TTLFNqkNe,22.465285133333335,20.111122666666663,0,467,
2020-05-20 00:15:00,4135001,HmiyD2TTLFNqkNe,22.255206400000002,20.110174400000002,0,468,
2020-05-20 00:30:00,4135001,HmiyD2TTLFNqkNe,22.217138666666667,20.21119186666667,0,469,
2020-05-20 00:45:00,4135001,HmiyD2TTLFNqkNe,22.222570866666668,20.012646533333328,0,470,
2020-05-20 01:00:00,4135001,HmiyD2TTLFNqkNe,22.19119053333333,20.036071733333333,0,471,
2020-05-20 01:15:00,4135001,HmiyD2TTLFNqkNe,22.181749642857142,19.998057785714288,0,472,
2020-05-20 01:30:00,4135001,HmiyD2TTLFNqkNe,22.115875333333335,19.7206116,0,473,
2020-05-20 01:45:00,4135001,HmiyD2TTLFNqkNe,22.155918266666664,19.795170133333333,0,474,
2020-05-20 02:00:00,4135001,HmiyD2TTLFNqkNe,22.175140333333339,19.728521666666666,0,475,
2020-05-20 02:15:00,4135001,HmiyD2TTLFNqkNe,21.967541599999997,19.439959666666667,0,476,
2020-05-20 02:30:00,4135001,HmiyD2TTLFNqkNe,21.960974199999995,19.382358533333328,0,477,
2020-05-20 02:45:00,4135001,HmiyD2TTLFNqkNe,21.941857799999998,19.304392400000005,0,478,
2020-05-20 03:00:00,4135001,HmiyD2TTLFNqkNe,21.921218,19.330312066666668,0,479,
2020-05-20 03:15:00,4135001,HmiyD2TTLFNqkNe,22.009416857142856,19.457879214285711,0,480,
2020-05-20 03:30:00,4135001,HmiyD2TTLFNqkNe,22.009790133333333,19.523850466666669,0,481,
2020-05-20 03:45:00,4135001,HmiyD2TTLFNqkNe,22.108852,19.497702999999998,0,482,
2020-05-20 04:00:00,4135001,HmiyD2TTLFNqkNe,22.133602066666665,19.5210266,0,483,
2020-05-20 04:15:00,4135001,HmiyD2TTLFNqkNe,22.156953933333337,19.550769066666668,0,484,
2020-05-20 04:30:00,4135001,HmiyD2TTLFNqkNe,22.119610666666667,19.464746133333332,0,485,
2020-05-20 04:45:00,4135001,HmiyD2TTLFNqkNe,22.078857466666665,19.3471294,0,486,
2020-05-20 05:00:00,4135001,HmiyD2TTLFNqkNe,21.985909,19.168965533333331,0,487,
2020-05-20 05:15:00,4135001,HmiyD2TTLFNqkNe,22.009881600000003,19.145835333333331,0,488,
2020-05-20 05:30:00,4135001,HmiyD2TTLFNqkNe,21.883616928571428,18.824543357142858,0,489,
2020-05-20 05:45:00,4135001,HmiyD2TTLFNqkNe,21.506819666666665,18.492340066666667,1.4736836000000003e-05,490,
2020-05-20 06:00:00,4135001,HmiyD2TTLFNqkNe,21.3480144,18.811700333333331,0.0090117260933333335,491,
2020-05-20 06:15:00,4135001,HmiyD2TTLFNqkNe,21.709948866666661,19.537300666666667,0.032105554733333333,492,
2020-05-20 06:30:00,4135001,HmiyD2TTLFNqkNe,21.996521066666666,20.094380866666672,0.05103810273333334,493,
2020-05-20 06:45:00,4135001,HmiyD2TTLFNqkNe,22.155995799999996,20.623101933333334,0.071391635466666672,494,
2020-05-20 07:00:00,4135001,HmiyD2TTLFNqkNe,22.499080399999997,21.7430604,0.13203885633333337,495,
2020-05-20 07:15:00,4135001,HmiyD2TTLFNqkNe,22.936332133333334,23.896433466666668,0.19891289333333334,496,
2020-05-20 07:30:00,4135001,HmiyD2TTLFNqkNe,23.434548428571432,26.331181071428574,0.2640124178571428,497,
2020-05-20 07:45:00,4135001,HmiyD2TTLFNqkNe,23.921140466666664,28.769305600000003,0.325195026,498,
2020-05-20 08:00:00,4135001,HmiyD2TTLFNqkNe,24.471148666666664,31.939570999999997,0.39058480533333328,499,
2020-05-20 08:15:00,4135001,HmiyD2TTLFNqkNe,25.124652066666666,35.992171266666674,0.43792027933333333,500,
2020-05-20 08:30:00,4135001,HmiyD2TTLFNqkNe,25.562463400000006,38.252356133333336,0.498367802,501,
2020-05-20 08:45:00,4135001,HmiyD2TTLFNqkNe,26.212556866666667,40.39654946666667,0.51046978133333343,502,
2020-05-20 09:00:00,4135001,HmiyD2TTLFNqkNe,26.4731404,41.657649533333327,0.57507380466666669,503,
2020-05-20 09:15:00,4135001,HmiyD2TTLFNqkNe,26.9201314,43.722935266666667,0.61024615066666665,504,
2020-05-20 09:30:00,4135001,HmiyD2TTLFNqkNe,27.201116933333335,44.107206266666665,0.63741227933333333,505,
2020-05-20 09:45:00,4135001,HmiyD2TTLFNqkNe,27.843497142857142,46.542009714285712,0.70014278071428582,506,
2020-05-20 10:00:00,4135001,HmiyD2TTLFNqkNe,28.077587800000003,48.340348066666671,0.75168144533333325,507,
2020-05-20 10:15:00,4135001,HmiyD2TTLFNqkNe,28.2830628,49.191477533333327,0.80966957866666656,508,
2020-05-20 10:30:00,4135001,HmiyD2TTLFNqkNe,28.752504466666664,51.549581133333326,0.80915042933333348,509,
2020-05-20 10:45:00,4135001,HmiyD2TTLFNqkNe,28.985984333333331,51.476499200000006,0.81481982000000019,510,
2020-05-20 11:00:00,4135001,HmiyD2TTLFNqkNe,29.315938266666667,52.126074333333328,0.84885092066666656,511,
2020-05-20 11:15:00,4135001,HmiyD2TTLFNqkNe,29.735261933333334,53.64847206666667,0.90006966066666672,512,
2020-05-20 11:30:00,4135001,HmiyD2TTLFNqkNe,29.882983266666667,54.3455892,0.93859401000000009,513,
2020-05-20 11:45:00,4135001,HmiyD2TTLFNqkNe,30.194519066666668,56.654313266666669,0.91292942133333332,514,
2020-05-20 12:00:00,4135001,HmiyD2TTLFNqkNe,30.521348066666665,56.800533133333339,0.96618545666666678,515,
2020-05-20 12:15:00,4135001,HmiyD2TTLFNqkNe,30.929116214285713,58.69564164285714,0.97516130357142861,516,
2020-05-20 12:30:00,4135001,HmiyD2TTLFNqkNe,31.299159800000005,59.367140466666662,0.96789008933333343,517,
2020-05-20 12:45:00,4135001,HmiyD2TTLFNqkNe,31.34249066666667,58.68839280000001,0.96692220933333339,518,
2020-05-20 13:00:00,4135001,HmiyD2TTLFNqkNe,31.393697066666668,56.833253933333339,0.89780281999999989,519,
2020-05-20 13:15:00,4135001,HmiyD2TTLFNqkNe,31.525179818181815,56.276514181818186,0.90246168090909085,520,
2020-05-20 17:30:00,4135001,HmiyD2TTLFNqkNe,29.309509499999997,31.839508000000002,0.136164155,521,
2020-05-20 17:45:00,4135001,HmiyD2TTLFNqkNe,28.99113573333333,31.0937296,0.11193249133333334,522,
2020-05-20 18:00:00,4135001,HmiyD2TTLFNqkNe,28.524298066666667,29.694879200000003,0.060132061266666668,523,
2020-05-20 18:15:00,4135001,HmiyD2TTLFNqkNe,27.9674928,27.485015733333338,0.026352906466666666,524,
2020-05-20 18:30:00,4135001,HmiyD2TTLFNqkNe,27.510428933333333,25.833406533333331,0.0047339318343333327,525,
2020-05-20 18:45:00,4135001,HmiyD2TTLFNqkNe,27.112099785714285,24.68879464285714,9.9200957428571414e-05,526,
2020-05-20 19:00:00,4135001,HmiyD2TTLFNqkNe,26.715221999999997,24.047064133333333,0,527,
2020-05-20 19:15:00,4135001,HmiyD2TTLFNqkNe,26.32090453333333,23.766420599999993,0,528,
2020-05-20 19:30:00,4135001,HmiyD2TTLFNqkNe,26.058491933333336,23.377850399999996,0,529,
2020-05-20 19:45:00,4135001,HmiyD2TTLFNqkNe,25.841023666666668,23.00669146666667,0,530,
2020-05-20 20:00:00,4135001,HmiyD2TTLFNqkNe,25.681506333333335,22.6908204,0,531,
2020-05-20 20:15:00,4135001,HmiyD2TTLFNqkNe,25.516223133333334,22.429024266666666,0,532,
2020-05-20 20:30:00,4135001,HmiyD2TTLFNqkNe,25.282519466666667,22.436549933333332,0,533,
2020-05-20 20:45:00,4135001,HmiyD2TTLFNqkNe,25.099306333333335,22.315303666666669,0,534,
2020-05-20 21:00:00,4135001,HmiyD2TTLFNqkNe,24.916098428571431,22.040122,0,535,
2020-05-20 21:15:00,4135001,HmiyD2TTLFNqkNe,24.820863733333333,22.009299599999995,0,536,
2020-05-20 21:30:00,4135001,HmiyD2TTLFNqkNe,24.700486200000004,21.877602133333337,0,537,
2020-05-20 21:45:00,4135001,HmiyD2TTLFNqkNe,24.499195642857142,21.570329928571429,0,538,
2020-05-20 22:00:00,4135001,HmiyD2TTLFNqkNe,24.3762818,21.520674666666668,0,539,
2020-05-20 22:15:00,4135001,HmiyD2TTLFNqkNe,24.23611046666667,21.519643000000002,0,540,
2020-05-20 22:30:00,4135001,HmiyD2TTLFNqkNe,24.145490357142858,21.462666,0,541,
2020-05-20 22:45:00,4135001,HmiyD2TTLFNqkNe,24.003128999999998,21.269993266666663,0,542,
2020-05-20 23:00:00,4135001,HmiyD2TTLFNqkNe,23.830852,21.024117571428572,0,543,
2020-05-20 23:15:00,4135001,HmiyD2TTLFNqkNe,23.701161666666668,20.786399266666667,0,544,
2020-05-20 23:30:00,4135001,HmiyD2TTLFNqkNe,23.589625571428574,20.572882500000002,0,545,
2020-05-20 23:45:00,4135001,HmiyD2TTLFNqkNe,23.569008857142855,20.622102928571429,0,546,
2020-05-21 00:00:00,4135001,HmiyD2TTLFNqkNe,23.4973816,20.584137,0,547,
2020-05-21 00:15:00,4135001,HmiyD2TTLFNqkNe,23.228943,20.230347,0,548,
2020-05-21 00:30:00,4135001,HmiyD2TTLFNqkNe,23.204518333333333,20.179941666666668,0,549,
2020-05-21 07:45:00,4135001,HmiyD2TTLFNqkNe,23.530553636363635,30.40324263636364,0.32239604909090913,550,
2020-05-21 08:00:00,4135001,HmiyD2TTLFNqkNe,23.96825553333333,33.119169066666672,0.3646781813333333,551,
2020-05-21 08:15:00,4135001,HmiyD2TTLFNqkNe,24.447705066666664,36.010386000000004,0.39603535800000006,552,
2020-05-21 08:30:00,4135001,HmiyD2TTLFNqkNe,25.058563266666663,39.486177466666661,0.45400125866666668,553,
2020-05-21 08:45:00,4135001,HmiyD2TTLFNqkNe,25.4833456,42.192907733333328,0.55831090866666677,554,
2020-05-21 09:00:00,4135001,HmiyD2TTLFNqkNe,26.186218200000003,45.974644000000005,0.63028283666666662,555,
2020-05-21 09:15:00,4135001,HmiyD2TTLFNqkNe,26.824288428571428,48.745747214285714,0.67644822214285727,556,
2020-05-21 09:30:00,4135001,HmiyD2TTLFNqkNe,27.489748066666667,49.733945999999996,0.73259713266666671,557,
2020-05-21 09:45:00,4135001,HmiyD2TTLFNqkNe,27.690803999999996,51.029304999999994,0.77223797533333338,558,
2020-05-21 10:00:00,4135001,HmiyD2TTLFNqkNe,28.207800333333335,53.51720186666666,0.70056636,559,
2020-05-21 10:15:00,4135001,HmiyD2TTLFNqkNe,28.129876866666663,46.865010333333331,0.50432232733333326,560,
2020-05-21 10:30:00,4135001,HmiyD2TTLFNqkNe,28.657090266666668,51.680428066666664,0.81542697133333331,561,
2020-05-21 10:45:00,4135001,HmiyD2TTLFNqkNe,28.854164533333332,51.79728806666666,0.754716712,562,
2020-05-21 11:00:00,4135001,HmiyD2TTLFNqkNe,29.207837,53.292307533333336,0.72353432933333339,563,
2020-05-21 11:15:00,4135001,HmiyD2TTLFNqkNe,29.597730428571431,56.443897500000006,1.0389913628571428,564,
2020-05-21 11:30:00,4135001,HmiyD2TTLFNqkNe,30.128363066666669,61.455814399999994,1.033489496666667,565,
2020-05-21 11:45:00,4135001,HmiyD2TTLFNqkNe,30.494291133333338,60.050757,0.88776189600000011,566,
2020-05-21 12:00:00,4135001,HmiyD2TTLFNqkNe,30.676135400000003,57.416438799999995,0.892777234,567,
2020-05-21 12:15:00,4135001,HmiyD2TTLFNqkNe,30.804624466666667,58.647784800000004,0.88795753733333338,568,
2020-05-21 12:30:00,4135001,HmiyD2TTLFNqkNe,30.550409000000002,50.883799266666664,0.58013436333333335,569,
2020-05-21 12:45:00,4135001,HmiyD2TTLFNqkNe,30.864174466666668,51.885671066666667,0.74664390133333336,570,
2020-05-21 13:00:00,4135001,HmiyD2TTLFNqkNe,31.3942708,54.491442600000006,0.80046960666666678,571,
2020-05-21 13:15:00,4135001,HmiyD2TTLFNqkNe,31.3498148,55.910951733333334,0.96181995733333325,572,
2020-05-21 13:30:00,4135001,HmiyD2TTLFNqkNe,31.723678357142859,57.428266071428567,0.7764669535714287,573,
2020-05-21 13:45:00,4135001,HmiyD2TTLFNqkNe,31.688391,55.696510800000006,0.8612832686666666,574,
2020-05-21 14:00:00,4135001,HmiyD2TTLFNqkNe,32.054713866666667,56.430047733333332,0.741254446,575,
2020-05-21 14:15:00,4135001,HmiyD2TTLFNqkNe,31.86826353333333,50.850927733333336,0.63290133200000009,576,
2020-05-21 14:30:00,4135001,HmiyD2TTLFNqkNe,31.819927999999997,47.850404733333335,0.45856069199999994,577,
2020-05-21 14:45:00,4135001,HmiyD2TTLFNqkNe,31.724595200000003,46.1821414,0.61339980800000016,578,
2020-05-21 15:00:00,4135001,HmiyD2TTLFNqkNe,32.333367666666668,52.991542466666665,0.74092052466666669,579,
2020-05-21 15:15:00,4135001,HmiyD2TTLFNqkNe,31.933858199999996,46.442515066666672,0.35591293733333329,580,
2020-05-21 15:30:00,4135001,HmiyD2TTLFNqkNe,32.072165428571431,46.254836928571436,0.563544357142857,581,
2020-05-21 15:45:00,4135001,HmiyD2TTLFNqkNe,32.145689133333342,45.149519800000007,0.37429296066666667,582,
2020-05-21 16:00:00,4135001,HmiyD2TTLFNqkNe,31.600370266666665,40.34497666666666,0.27355741600000005,583,
2020-05-21 16:15:00,4135001,HmiyD2TTLFNqkNe,31.034047400000002,37.6285684,0.23968286333333336,584,
2020-05-21 16:30:00,4135001,HmiyD2TTLFNqkNe,30.709979333333337,37.02485793333333,0.3015704806666667,585,
2020-05-21 16:45:00,4135001,HmiyD2TTLFNqkNe,30.436910066666666,36.399023133333344,0.1652971236,586,
2020-05-21 17:00:00,4135001,HmiyD2TTLFNqkNe,29.904103,31.909513214285713,0.070541485500000015,587,
2020-05-21 17:15:00,4135001,HmiyD2TTLFNqkNe,29.533650733333335,29.722025533333333,0.0500169534,588,
2020-05-21 17:30:00,4135001,HmiyD2TTLFNqkNe,29.038175466666665,28.573687866666667,0.039089017000000004,589,
2020-05-21 17:45:00,4135001,HmiyD2TTLFNqkNe,28.658781133333331,27.826387666666662,0.029371944466666671,590,
2020-05-21 18:00:00,4135001,HmiyD2TTLFNqkNe,27.727758666666666,26.892470266666667,0.021287069199999998,591,
2020-05-21 18:15:00,4135001,HmiyD2TTLFNqkNe,27.694160999999998,26.27160233333333,0.01005088592,592,
2020-05-21 18:30:00,4135001,HmiyD2TTLFNqkNe,27.578023266666666,25.854665200000003,0.0015678459913333331,593,
2020-05-21 18:45:00,4135001,HmiyD2TTLFNqkNe,27.199617533333335,25.1958414,0,594,
2020-05-21 19:00:00,4135001,HmiyD2TTLFNqkNe,26.848530571428569,24.62852907142857,0,595,
2020-05-21 19:15:00,4135001,HmiyD2TTLFNqkNe,26.456174733333334,24.164711333333333,0,596,
2020-05-21 19:30:00,4135001,HmiyD2TTLFNqkNe,26.023022466666667,23.832366933333336,0,597,
2020-05-21 19:45:00,4135001,HmiyD2TTLFNqkNe,25.766520133333334,23.482169533333334,0,598,
2020-05-21 20:00:00,4135001,HmiyD2TTLFNqkNe,25.5864014,23.286395266666666,0,599,
2020-05-21 20:15:00,4135001,HmiyD2TTLFNqkNe,25.357965066666669,23.092466200000004,0,600,
2020-05-21 20:30:00,4135001,HmiyD2TTLFNqkNe,25.098463733333336,22.879899266666669,0,601,
2020-05-21 20:45:00,4135001,HmiyD2TTLFNqkNe,24.8719178,22.620530266666666,0,602,
2020-05-21 21:00:00,4135001,HmiyD2TTLFNqkNe,24.680324266666666,22.335959933333331,0,603,
2020-05-21 21:15:00,4135001,HmiyD2TTLFNqkNe,24.478779357142859,22.165891285714284,0,604,
2020-05-21 21:30:00,4135001,HmiyD2TTLFNqkNe,24.406392466666663,22.096169133333333,0,605,
2020-05-21 21:45:00,4135001,HmiyD2TTLFNqkNe,24.369700133333335,22.039351333333332,0,606,
2020-05-21 22:00:00,4135001,HmiyD2TTLFNqkNe,24.263679933333332,21.819816066666665,0,607,
2020-05-21 22:15:00,4135001,HmiyD2TTLFNqkNe,24.19905,21.67491866666667,0,608,
2020-05-21 22:30:00,4135001,HmiyD2TTLFNqkNe,24.08873486666667,21.486199866666666,0,609,
2020-05-21 22:45:00,4135001,HmiyD2TTLFNqkNe,24.002573866666669,21.370762266666667,0,610,
2020-05-21 23:00:00,4135001,HmiyD2TTLFNqkNe,23.978326266666667,21.3030558,0,611,
2020-05-21 23:15:00,4135001,HmiyD2TTLFNqkNe,23.922380642857142,21.196879785714284,0,612,
2020-05-21 23:30:00,4135001,HmiyD2TTLFNqkNe,23.892236399999998,21.126922666666665,0,613,
2020-05-21 23:45:00,4135001,HmiyD2TTLFNqkNe,23.856805466666664,21.155120800000002,0,614,
2020-05-22 00:00:00,4135001,HmiyD2TTLFNqkNe,23.760593466666666,21.235205066666669,0,615,
2020-05-22 00:15:00,4135001,HmiyD2TTLFNqkNe,23.675199399999997,21.192954399999998,0,616,
2020-05-22 00:30:00,4135001,HmiyD2TTLFNqkNe,23.594093866666668,21.1975178,0,617,
2020-05-22 00:45:00,4135001,HmiyD2TTLFNqkNe,23.483290666666669,21.23848886666666,0,618,
2020-05-22 01:00:00,4135001,HmiyD2TTLFNqkNe,23.470836,21.835551714285714,0,619,
2020-05-22 01:15:00,4135001,HmiyD2TTLFNqkNe,23.52625706666667,22.237699399999997,0,620,
2020-05-22 01:30:00,4135001,HmiyD2TTLFNqkNe,23.541518066666669,22.084086133333333,0,621,
2020-05-22 01:45:00,4135001,HmiyD2TTLFNqkNe,23.490399200000002,22.241133599999998,0,622,
2020-05-22 02:00:00,4135001,HmiyD2TTLFNqkNe,23.441861933333335,22.392478466666663,0,623,
2020-05-22 02:15:00,4135001,HmiyD2TTLFNqkNe,23.451662199999998,22.4551962,0,624,
2020-05-22 02:30:00,4135001,HmiyD2TTLFNqkNe,23.410870333333332,22.287416466666667,0,625,
2020-05-22 02:45:00,4135001,HmiyD2TTLFNqkNe,23.413011928571429,22.122508571428568,0,626,
2020-05-22 03:00:00,4135001,HmiyD2TTLFNqkNe,23.297208666666666,21.840238399999997,0,627,
2020-05-22 03:15:00,4135001,HmiyD2TTLFNqkNe,23.0816204,21.3520304,0,628,
2020-05-22 03:30:00,4135001,HmiyD2TTLFNqkNe,23.0801798,21.294584133333334,0,629,
2020-05-22 03:45:00,4135001,HmiyD2TTLFNqkNe,23.0092528,21.332853066666669,0,630,
2020-05-22 04:00:00,4135001,HmiyD2TTLFNqkNe,22.942584133333334,21.267515133333337,0,631,
2020-05-22 04:15:00,4135001,HmiyD2TTLFNqkNe,23.023907466666664,21.393129333333331,0,632,
2020-05-22 04:30:00,4135001,HmiyD2TTLFNqkNe,22.980336533333336,21.453255133333329,0,633,
2020-05-22 04:45:00,4135001,HmiyD2TTLFNqkNe,22.941425857142857,21.422938714285714,0,634,
2020-05-22 05:00:00,4135001,HmiyD2TTLFNqkNe,22.910984399999997,21.4030904,0,635,
2020-05-22 05:15:00,4135001,HmiyD2TTLFNqkNe,22.858017933333333,21.447070266666667,0,636,
2020-05-22 05:30:00,4135001,HmiyD2TTLFNqkNe,22.819783400000002,21.408598,0,637,
2020-05-22 05:45:00,4135001,HmiyD2TTLFNqkNe,22.802852266666665,21.3380066,0.0010673070493333334,638,
2020-05-22 06:00:00,4135001,HmiyD2TTLFNqkNe,22.815523266666666,21.611051399999997,0.016854855826666671,639,
2020-05-22 06:15:00,4135001,HmiyD2TTLFNqkNe,22.981634533333331,22.203200133333333,0.040360720733333334,640,
2020-05-22 06:30:00,4135001,HmiyD2TTLFNqkNe,23.218327000000002,22.823508666666669,0.064661082133333325,641,
2020-05-22 06:45:00,4135001,HmiyD2TTLFNqkNe,23.366936642857144,23.907782357142853,0.085898604928571431,642,
2020-05-22 07:00:00,4135001,HmiyD2TTLFNqkNe,23.433872400000002,24.744895399999997,0.11089174720000002,643,
2020-05-22 07:15:00,4135001,HmiyD2TTLFNqkNe,23.825040733333335,28.026749666666667,0.27900377533333337,644,
2020-05-22 07:30:00,4135001,HmiyD2TTLFNqkNe,24.3803284,32.1630228,0.35599499866666667,645,
2020-05-22 07:45:00,4135001,HmiyD2TTLFNqkNe,24.829638666666668,33.839135266666659,0.34544154266666666,646,
2020-05-22 08:00:00,4135001,HmiyD2TTLFNqkNe,25.088962666666667,35.562813133333336,0.39291789066666671,647,
2020-05-22 08:15:00,4135001,HmiyD2TTLFNqkNe,25.26090906666667,37.188395333333339,0.35850627266666668,648,
2020-05-22 08:30:00,4135001,HmiyD2TTLFNqkNe,25.149241857142854,32.836580642857143,0.18846180714285718,649,
2020-05-22 08:45:00,4135001,HmiyD2TTLFNqkNe,25.312744200000004,32.380375466666671,0.26709407733333346,650,
2020-05-22 09:00:00,4135001,HmiyD2TTLFNqkNe,25.961122933333332,35.6540122,0.37300118999999993,651,
2020-05-22 09:15:00,4135001,HmiyD2TTLFNqkNe,26.405902066666666,37.528273399999996,0.38608125666666665,652,
2020-05-22 09:30:00,4135001,HmiyD2TTLFNqkNe,26.92924806666667,39.8739748,0.43858643933333336,653,
2020-05-22 09:45:00,4135001,HmiyD2TTLFNqkNe,27.166536533333332,39.336533733333333,0.37592195066666667,654,
2020-05-22 10:00:00,4135001,HmiyD2TTLFNqkNe,27.585662733333333,42.067014666666658,0.54268741333333337,655,
2020-05-22 10:15:00,4135001,HmiyD2TTLFNqkNe,27.877404733333332,42.967539400000007,0.63854485,656,
2020-05-22 10:30:00,4135001,HmiyD2TTLFNqkNe,28.154133357142861,44.688853714285713,0.41565164428571427,657,
2020-05-22 10:45:00,4135001,HmiyD2TTLFNqkNe,28.069488466666666,42.7483944,0.70914654933333332,658,
2020-05-22 11:00:00,4135001,HmiyD2TTLFNqkNe,28.880098533333339,50.2482484,0.608488516,659,
2020-05-22 11:15:00,4135001,HmiyD2TTLFNqkNe,28.860333333333333,44.390484533333336,0.553059376,660,
2020-05-22 11:30:00,4135001,HmiyD2TTLFNqkNe,29.77494913333333,52.5911334,0.999309628,661,
2020-05-22 11:45:00,4135001,HmiyD2TTLFNqkNe,30.584065666666671,60.629063066666667,1.0477749826666665,662,
2020-05-22 12:00:00,4135001,HmiyD2TTLFNqkNe,30.824835714285715,62.212090428571429,1.0318606821428571,663,
2020-05-22 12:15:00,4135001,HmiyD2TTLFNqkNe,30.752172866666665,57.925577800000006,0.81175545666666671,664,
2020-05-22 12:30:00,4135001,HmiyD2TTLFNqkNe,30.917710533333334,54.400392666666669,0.76244673266666663,665,
2020-05-22 12:45:00,4135001,HmiyD2TTLFNqkNe,31.413285266666669,55.893387400000009,0.917253122,666,
2020-05-22 13:00:00,4135001,HmiyD2TTLFNqkNe,31.3189554,54.857409866666664,0.81484390800000017,667,
2020-05-22 13:15:00,4135001,HmiyD2TTLFNqkNe,31.90281766666666,58.445297933333329,0.82566470733333341,668,
2020-05-22 13:30:00,4135001,HmiyD2TTLFNqkNe,31.854070933333329,57.859224333333337,0.814901278,669,
2020-05-22 13:45:00,4135001,HmiyD2TTLFNqkNe,31.633223533333332,53.52987266666667,0.69305701866666669,670,
2020-05-22 14:00:00,4135001,HmiyD2TTLFNqkNe,31.882248142857144,54.65764728571429,0.76054729142857147,671,
2020-05-22 14:15:00,4135001,HmiyD2TTLFNqkNe,32.308986533333339,55.088293600000007,0.6065786866666667,672,
2020-05-22 14:30:00,4135001,HmiyD2TTLFNqkNe,32.154235733333337,52.968100933333332,0.809865482,673,
2020-05-22 14:45:00,4135001,HmiyD2TTLFNqkNe,32.801116933333333,56.020086533333327,0.77987240333333341,674,
2020-05-22 15:00:00,4135001,HmiyD2TTLFNqkNe,33.004632466666664,55.633066933333339,0.72793743733333327,675,
2020-05-22 15:15:00,4135001,HmiyD2TTLFNqkNe,32.574084400000004,51.29624213333333,0.468398362,676,
2020-05-22 15:30:00,4135001,HmiyD2TTLFNqkNe,32.313236666666668,43.588924266666666,0.34654965333333332,677,
2020-05-22 15:45:00,4135001,HmiyD2TTLFNqkNe,32.0070125,43.130040071428567,0.31808749071428577,678,
2020-05-22 16:00:00,4135001,HmiyD2TTLFNqkNe,31.296938133333335,39.078735333333327,0.223404308,679,
2020-05-22 16:15:00,4135001,HmiyD2TTLFNqkNe,30.797410133333333,37.0259216,0.19513425199999998,680,
2020-05-22 16:30:00,4135001,HmiyD2TTLFNqkNe,30.2077474,34.962585199999992,0.15628540733333335,681,
2020-05-22 16:45:00,4135001,HmiyD2TTLFNqkNe,29.846667533333331,33.622704933333331,0.13587599866666669,682,
2020-05-22 17:00:00,4135001,HmiyD2TTLFNqkNe,29.571081533333334,32.477740666666669,0.11321721946666669,683,
2020-05-22 17:15:00,4135001,HmiyD2TTLFNqkNe,29.301833066666667,31.3613768,0.083773294933333339,684,
2020-05-22 17:30:00,4135001,HmiyD2TTLFNqkNe,29.1003866,30.149263466666667,0.0560736594,685,
2020-05-22 17:45:00,4135001,HmiyD2TTLFNqkNe,28.826326714285713,29.096067142857144,0.036903588571428572,686,
2020-05-22 18:00:00,4135001,HmiyD2TTLFNqkNe,28.510609933333331,28.123225933333334,0.021403631866666668,687,
2020-05-22 18:15:00,4135001,HmiyD2TTLFNqkNe,28.184590533333335,27.252742533333333,0.0099927644066666686,688,
2020-05-22 18:30:00,4135001,HmiyD2TTLFNqkNe,28.03802473333333,26.626116999999997,0.0020025813973333336,689,
2020-05-22 18:45:00,4135001,HmiyD2TTLFNqkNe,27.857527666666666,26.235675,2.7608272399999994e-05,690,
2020-05-22 19:00:00,4135001,HmiyD2TTLFNqkNe,27.590226266666665,25.914548800000002,0,691,
2020-05-22 19:15:00,4135001,HmiyD2TTLFNqkNe,27.355753666666665,25.700897400000002,0,692,
2020-05-22 19:30:00,4135001,HmiyD2TTLFNqkNe,27.137475466666665,25.587719733333333,0,693,
2020-05-22 19:45:00,4135001,HmiyD2TTLFNqkNe,26.941038066666668,25.366802933333332,0,694,
2020-05-22 20:00:00,4135001,HmiyD2TTLFNqkNe,26.857729285714285,25.154514857142857,0,695,
2020-05-22 20:15:00,4135001,HmiyD2TTLFNqkNe,26.768762066666664,25.0066142,0,696,
2020-05-22 20:30:00,4135001,HmiyD2TTLFNqkNe,26.6451172,24.928733133333335,0,697,
2020-05-22 20:45:00,4135001,HmiyD2TTLFNqkNe,26.527557466666664,24.908838066666661,0,698,
2020-05-22 21:00:00,4135001,HmiyD2TTLFNqkNe,26.475219733333333,24.957104533333336,0,699,
2020-05-22 21:15:00,4135001,HmiyD2TTLFNqkNe,26.420656466666667,25.208170466666669,0,700,
2020-05-22 21:30:00,4135001,HmiyD2TTLFNqkNe,26.349790399999996,25.225801600000004,0,701,
2020-05-22 21:45:00,4135001,HmiyD2TTLFNqkNe,24.900354,24.779433133333335,0,702,
2020-05-22 22:00:00,4135001,HmiyD2TTLFNqkNe,23.9790038,23.404168866666666,0,703,
2020-05-22 22:15:00,4135001,HmiyD2TTLFNqkNe,23.558842214285711,22.71218,0,704,
2020-05-22 22:30:00,4135001,HmiyD2TTLFNqkNe,23.5472046,22.648830133333334,0,705,
2020-05-22 22:45:00,4135001,HmiyD2TTLFNqkNe,23.214526399999997,21.719091866666666,0,706,
2020-05-22 23:00:00,4135001,HmiyD2TTLFNqkNe,22.361055333333333,20.863079933333335,0,707,
2020-05-22 23:15:00,4135001,HmiyD2TTLFNqkNe,21.641127666666669,20.3276652,0,708,
2020-05-22 23:30:00,4135001,HmiyD2TTLFNqkNe,21.564902800000002,20.2063374,0,709,
2020-05-22 23:45:00,4135001,HmiyD2TTLFNqkNe,21.605519599999997,20.350038666666666,0,710,
2020-05-23 00:00:00,4135001,HmiyD2TTLFNqkNe,21.719189399999998,20.4714396,0,711,
2020-05-23 00:15:00,4135001,HmiyD2TTLFNqkNe,21.708895,20.602031142857147,0,712,
2020-05-23 00:30:00,4135001,HmiyD2TTLFNqkNe,21.620870000000004,20.551786266666664,0,713,
2020-05-23 00:45:00,4135001,HmiyD2TTLFNqkNe,21.575026533333336,20.511413666666666,0,714,
2020-05-23 01:00:00,4135001,HmiyD2TTLFNqkNe,21.45861,20.405804399999997,0,715,
2020-05-23 01:15:00,4135001,HmiyD2TTLFNqkNe,21.471038799999995,20.323313333333335,0,716,
2020-05-23 01:30:00,4135001,HmiyD2TTLFNqkNe,21.5340616,20.320503666666664,0,717,
2020-05-23 01:45:00,4135001,HmiyD2TTLFNqkNe,21.669055266666668,20.444116133333331,0,718,
2020-05-23 02:00:00,4135001,HmiyD2TTLFNqkNe,21.740842666666669,20.4955098,0,719,
2020-05-23 02:15:00,4135001,HmiyD2TTLFNqkNe,21.769862571428575,20.55575542857143,0,720,
2020-05-23 02:30:00,4135001,HmiyD2TTLFNqkNe,21.851713066666665,20.587019999999995,0,721,
2020-05-23 02:45:00,4135001,HmiyD2TTLFNqkNe,21.8916116,20.528487333333334,0,722,
2020-05-23 03:00:00,4135001,HmiyD2TTLFNqkNe,21.884334266666663,20.389685066666665,0,723,
2020-05-23 03:15:00,4135001,HmiyD2TTLFNqkNe,21.896366266666668,20.634684266666667,0,724,
2020-05-23 03:30:00,4135001,HmiyD2TTLFNqkNe,21.963966933333332,20.9058836,0,725,
2020-05-23 03:45:00,4135001,HmiyD2TTLFNqkNe,22.0309366,21.0314534,0,726,
2020-05-23 04:00:00,4135001,HmiyD2TTLFNqkNe,22.128173866666668,21.08964233333333,0,727,
2020-05-23 04:15:00,4135001,HmiyD2TTLFNqkNe,22.1400958,21.1670512,0,728,
2020-05-23 04:30:00,4135001,HmiyD2TTLFNqkNe,22.049833,21.143541571428571,0,729,
2020-05-23 04:45:00,4135001,HmiyD2TTLFNqkNe,21.974959266666666,21.07260333333333,0,730,
2020-05-23 05:00:00,4135001,HmiyD2TTLFNqkNe,21.920086733333335,21.012809266666665,0,731,
2020-05-23 05:15:00,4135001,HmiyD2TTLFNqkNe,21.900024,20.994995,0,732,
2020-05-23 06:45:00,4135001,HmiyD2TTLFNqkNe,22.344629916666666,22.08666241666667,0.045444284166666668,733,
2020-05-23 07:00:00,4135001,HmiyD2TTLFNqkNe,22.4054382,22.988533466666667,0.0697883706,734,
2020-05-23 07:15:00,4135001,HmiyD2TTLFNqkNe,22.737876399999998,24.896301400000002,0.14642804000000004,735,
2020-05-23 07:30:00,4135001,HmiyD2TTLFNqkNe,23.204709714285713,27.907204928571431,0.22911735571428574,736,
2020-05-23 07:45:00,4135001,HmiyD2TTLFNqkNe,23.517870071428575,30.984898285714287,0.26913305785714292,737,
2020-05-23 08:00:00,4135001,HmiyD2TTLFNqkNe,23.898140733333335,33.290911866666669,0.32454090466666669,738,
2020-05-23 08:15:00,4135001,HmiyD2TTLFNqkNe,24.705782066666668,38.037754333333325,0.49456159266666666,739,
2020-05-23 08:30:00,4135001,HmiyD2TTLFNqkNe,25.810009866666668,43.5907308,0.5895070206666666,740,
2020-05-23 08:45:00,4135001,HmiyD2TTLFNqkNe,26.365627066666665,43.806378,0.569132588,741,
2020-05-23 09:00:00,4135001,HmiyD2TTLFNqkNe,26.8544944,44.581498066666661,0.61379542266666665,742,
2020-05-23 09:15:00,4135001,HmiyD2TTLFNqkNe,27.272131400000003,46.693650133333335,0.66256890866666684,743,
2020-05-23 09:30:00,4135001,HmiyD2TTLFNqkNe,27.643037866666671,47.786618999999995,0.61746295266666673,744,
2020-05-23 09:45:00,4135001,HmiyD2TTLFNqkNe,27.703896500000003,45.234832785714289,0.710976275,745,
2020-05-23 10:00:00,4135001,HmiyD2TTLFNqkNe,28.074165800000003,48.958026200000006,0.67376474599999991,746,
2020-05-23 10:15:00,4135001,HmiyD2TTLFNqkNe,28.02329086666667,47.408421,0.63614806066666674,747,
2020-05-23 10:30:00,4135001,HmiyD2TTLFNqkNe,28.123655266666663,48.692805666666665,0.6136754333333333,748,
2020-05-23 10:45:00,4135001,HmiyD2TTLFNqkNe,28.602547133333335,49.084734933333337,0.81683756466666679,749,
2020-05-23 11:00:00,4135001,HmiyD2TTLFNqkNe,28.8662964,52.901754000000004,0.80117474266666677,750,
2020-05-23 11:15:00,4135001,HmiyD2TTLFNqkNe,29.496158666666666,56.458795066666667,0.968808626,751,
2020-05-23 11:30:00,4135001,HmiyD2TTLFNqkNe,30.030403666666668,59.877591933333335,0.9841918673333333,752,
2020-05-23 11:45:00,4135001,HmiyD2TTLFNqkNe,30.452372928571428,60.191937857142861,1.0037044035714286,753,
2020-05-23 12:00:00,4135001,HmiyD2TTLFNqkNe,30.6108378,58.550425266666672,0.962423294,754,
2020-05-23 12:15:00,4135001,HmiyD2TTLFNqkNe,31.26550906666667,63.341829400000009,1.112296618,755,
2020-05-23 12:30:00,4135001,HmiyD2TTLFNqkNe,31.129654933333335,65.545713666666643,0.954939324,756,
2020-05-23 12:45:00,4135001,HmiyD2TTLFNqkNe,31.10980833333333,58.530338533333328,0.66788773800000012,757,
2020-05-23 13:00:00,4135001,HmiyD2TTLFNqkNe,31.304307266666665,55.537024066666675,0.79165527000000013,758,
2020-05-23 13:15:00,4135001,HmiyD2TTLFNqkNe,32.266696999999994,58.086600600000004,0.8927997,759,
2020-05-23 13:30:00,4135001,HmiyD2TTLFNqkNe,32.174080466666666,59.10431306666667,0.93606008066666668,760,
2020-05-23 13:45:00,4135001,HmiyD2TTLFNqkNe,32.819391,62.576479333333339,0.99008494666666669,761,
2020-05-23 14:00:00,4135001,HmiyD2TTLFNqkNe,33.138939857142859,60.390230785714287,0.78159108214285711,762,
2020-05-23 14:15:00,4135001,HmiyD2TTLFNqkNe,32.612644333333328,53.1639342,0.59454102466666658,763,
2020-05-23 14:30:00,4135001,HmiyD2TTLFNqkNe,32.7458558,51.327437733333326,0.545487636,764,
2020-05-23 14:45:00,4135001,HmiyD2TTLFNqkNe,32.598390733333332,48.281021999999993,0.50623243266666673,765,
2020-05-23 15:00:00,4135001,HmiyD2TTLFNqkNe,32.410626733333338,46.365690133333331,0.40408207133333335,766,
2020-05-23 15:15:00,4135001,HmiyD2TTLFNqkNe,32.6603392,46.350744333333331,0.485598238,767,
2020-05-23 15:30:00,4135001,HmiyD2TTLFNqkNe,33.28802473333333,49.761793999999988,0.62999173733333336,768,
2020-05-23 15:45:00,4135001,HmiyD2TTLFNqkNe,33.335693266666674,49.512721933333331,0.53621765066666682,769,
2020-05-23 16:00:00,4135001,HmiyD2TTLFNqkNe,33.424020071428572,48.909676714285709,0.49096055,770,
2020-05-23 16:15:00,4135001,HmiyD2TTLFNqkNe,32.666076666666676,47.123696133333333,0.44515932666666663,771,
2020-05-23 16:30:00,4135001,HmiyD2TTLFNqkNe,32.160376066666672,43.643978133333327,0.38909669466666669,772,
2020-05-23 16:45:00,4135001,HmiyD2TTLFNqkNe,31.885878333333334,41.18470279999999,0.29788378533333332,773,
2020-05-23 17:00:00,4135001,HmiyD2TTLFNqkNe,31.265974933333336,37.7911072,0.246215918,774,
2020-05-23 17:15:00,4135001,HmiyD2TTLFNqkNe,30.808199066666667,35.766158266666672,0.20811804333333336,775,
2020-05-23 17:30:00,4135001,HmiyD2TTLFNqkNe,30.171648933333334,33.8750304,0.14512731866666667,776,
2020-05-23 17:45:00,4135001,HmiyD2TTLFNqkNe,29.631697533333334,32.23251346666666,0.11224097093333334,777,
2020-05-23 18:00:00,4135001,HmiyD2TTLFNqkNe,29.4934264,31.516186533333336,0.0927983004,778,
2020-05-23 18:15:00,4135001,HmiyD2TTLFNqkNe,29.02422,29.908275214285716,0.041247224857142863,779,
2020-05-23 18:30:00,4135001,HmiyD2TTLFNqkNe,28.4694946,27.9880758,0.0050579441066666668,780,
2020-05-23 18:45:00,4135001,HmiyD2TTLFNqkNe,28.136104133333337,26.83467813333333,9.4448564599999987e-05,781,
2020-05-23 19:00:00,4135001,HmiyD2TTLFNqkNe,27.826436133333335,26.217763333333334,0,782,
2020-05-23 19:15:00,4135001,HmiyD2TTLFNqkNe,27.588753133333334,25.794478133333332,0,783,
2020-05-23 19:30:00,4135001,HmiyD2TTLFNqkNe,27.35458573333333,25.633465600000005,0,784,
2020-05-23 19:45:00,4135001,HmiyD2TTLFNqkNe,27.17084366666667,25.592665600000004,0,785,
2020-05-23 20:00:00,4135001,HmiyD2TTLFNqkNe,26.925490399999997,25.399934866666662,0,786,
2020-05-23 20:15:00,4135001,HmiyD2TTLFNqkNe,26.740236466666669,25.1433514,0,787,
2020-05-23 20:30:00,4135001,HmiyD2TTLFNqkNe,26.542622,24.715713500000003,0,788,
2020-05-23 20:45:00,4135001,HmiyD2TTLFNqkNe,26.380535799999997,24.444423399999998,0,789,
2020-05-23 21:00:00,4135001,HmiyD2TTLFNqkNe,26.2500794,24.092059266666666,0,790,
2020-05-23 21:15:00,4135001,HmiyD2TTLFNqkNe,26.0939412,23.791683066666668,0,791,
2020-05-23 21:30:00,4135001,HmiyD2TTLFNqkNe,26.035589666666667,24.022705066666667,0,792,
2020-05-23 22:00:00,4135001,HmiyD2TTLFNqkNe,25.7736,23.732849,0,793,
2020-05-23 22:15:00,4135001,HmiyD2TTLFNqkNe,25.654901066666667,23.449275533333331,0,794,
2020-05-23 22:30:00,4135001,HmiyD2TTLFNqkNe,25.488665666666666,23.103936733333331,0,795,
2020-05-23 22:45:00,4135001,HmiyD2TTLFNqkNe,25.338854866666669,22.979264466666667,0,796,
2020-05-23 23:00:00,4135001,HmiyD2TTLFNqkNe,25.1337626,22.6813252,0,797,
2020-05-23 23:15:00,4135001,HmiyD2TTLFNqkNe,24.969698,22.494120266666666,0,798,
2020-05-23 23:30:00,4135001,HmiyD2TTLFNqkNe,24.838093428571426,22.509726357142856,0,799,
2020-05-23 23:45:00,4135001,HmiyD2TTLFNqkNe,24.818829466666671,22.467185466666667,0,800,
2020-05-24 00:00:00,4135001,HmiyD2TTLFNqkNe,24.6906805,22.175580571428572,0,801,
2020-05-24 00:15:00,4135001,HmiyD2TTLFNqkNe,24.538547666666666,21.885320800000002,0,802,
2020-05-24 00:30:00,4135001,HmiyD2TTLFNqkNe,24.327402866666667,21.633982266666667,0,803,
2020-05-24 00:45:00,4135001,HmiyD2TTLFNqkNe,24.253961200000003,21.661315866666669,0,804,
2020-05-24 01:00:00,4135001,HmiyD2TTLFNqkNe,24.218198599999997,21.775756733333331,0,805,
2020-05-24 01:15:00,4135001,HmiyD2TTLFNqkNe,24.211336266666667,21.765153,0,806,
2020-05-24 01:30:00,4135001,HmiyD2TTLFNqkNe,24.305967,22.219170642857147,0,807,
2020-05-24 01:45:00,4135001,HmiyD2TTLFNqkNe,24.47437553333333,22.922821066666668,0,808,
2020-05-24 02:00:00,4135001,HmiyD2TTLFNqkNe,24.566530333333333,23.147521933333334,0,809,
2020-05-24 02:15:00,4135001,HmiyD2TTLFNqkNe,24.6126954,22.74956053333333,0,810,
2020-05-24 02:30:00,4135001,HmiyD2TTLFNqkNe,24.401302066666666,22.162550733333337,0,811,
2020-05-24 02:45:00,4135001,HmiyD2TTLFNqkNe,24.096132400000002,21.322037666666663,0,812,
2020-05-24 03:00:00,4135001,HmiyD2TTLFNqkNe,24.0066,21.193375733333337,0,813,
2020-05-24 03:15:00,4135001,HmiyD2TTLFNqkNe,23.984708733333331,21.253407799999998,0,814,
2020-05-24 03:30:00,4135001,HmiyD2TTLFNqkNe,23.969868428571427,21.364536928571425,0,815,
2020-05-24 03:45:00,4135001,HmiyD2TTLFNqkNe,23.959385199999996,21.597076466666667,0,816,
2020-05-24 04:00:00,4135001,HmiyD2TTLFNqkNe,23.917812133333332,21.467541533333328,0,817,
2020-05-24 04:15:00,4135001,HmiyD2TTLFNqkNe,23.90087886666667,21.493794800000007,0,818,
2020-05-24 04:30:00,4135001,HmiyD2TTLFNqkNe,23.775270600000002,21.237825333333333,0,819,
2020-05-24 04:45:00,4135001,HmiyD2TTLFNqkNe,23.661442000000005,20.761668,0,820,
2020-05-24 05:00:00,4135001,HmiyD2TTLFNqkNe,23.623785466666668,20.635243733333333,0,821,
2020-05-24 05:15:00,4135001,HmiyD2TTLFNqkNe,23.490818266666668,20.405633533333329,0,822,
2020-05-24 05:30:00,4135001,HmiyD2TTLFNqkNe,23.319503785714289,20.1904755,0,823,
2020-05-24 05:45:00,4135001,HmiyD2TTLFNqkNe,23.2451844,20.093800666666667,0.00061992020266666669,824,
2020-05-24 06:00:00,4135001,HmiyD2TTLFNqkNe,23.151116866666662,20.113913933333333,0.00961781414,825,
2020-05-24 06:15:00,4135001,HmiyD2TTLFNqkNe,23.356372133333334,20.837968,0.029113553133333331,826,
2020-05-24 06:30:00,4135001,HmiyD2TTLFNqkNe,23.665861,22.093613866666672,0.052356912,827,
2020-05-24 06:45:00,4135001,HmiyD2TTLFNqkNe,24.018410199999998,23.685199,0.086237195,828,
2020-05-24 07:00:00,4135001,HmiyD2TTLFNqkNe,24.416684866666667,25.753737399999995,0.15368539399999998,829,
2020-05-24 07:15:00,4135001,HmiyD2TTLFNqkNe,24.857926333333332,28.002966266666665,0.20523910533333337,830,
2020-05-24 07:30:00,4135001,HmiyD2TTLFNqkNe,25.389813333333336,30.644789666666664,0.26604703,831,
2020-05-24 07:45:00,4135001,HmiyD2TTLFNqkNe,25.920839642857143,33.563025428571422,0.323376125,832,
2020-05-24 08:00:00,4135001,HmiyD2TTLFNqkNe,26.231742333333329,35.397546533333333,0.37273643533333339,833,
2020-05-24 08:15:00,4135001,HmiyD2TTLFNqkNe,26.3079448,35.305041466666673,0.361205644,834,
2020-05-24 08:30:00,4135001,HmiyD2TTLFNqkNe,26.682297799999994,38.642999333333329,0.5357404813333333,835,
2020-05-24 08:45:00,4135001,HmiyD2TTLFNqkNe,26.763384933333334,39.071464066666671,0.36370494066666664,836,
2020-05-24 09:00:00,4135001,HmiyD2TTLFNqkNe,27.152537133333336,40.397576866666668,0.56566254133333338,837,
2020-05-24 09:15:00,4135001,HmiyD2TTLFNqkNe,27.404044666666664,41.316923333333335,0.41887710333333333,838,
2020-05-24 09:30:00,4135001,HmiyD2TTLFNqkNe,27.864129466666668,43.693817200000005,0.56387132000000006,839,
2020-05-24 09:45:00,4135001,HmiyD2TTLFNqkNe,27.865929714285709,42.949353714285714,0.51719428,840,
2020-05-24 10:00:00,4135001,HmiyD2TTLFNqkNe,28.242586266666667,43.058833933333339,0.58046461733333332,841,
2020-05-24 10:15:00,4135001,HmiyD2TTLFNqkNe,28.488832533333333,43.78831386666667,0.585474618,842,
2020-05-24 10:30:00,4135001,HmiyD2TTLFNqkNe,28.982371066666669,47.528133,0.71670227333333347,843,
2020-05-24 10:45:00,4135001,HmiyD2TTLFNqkNe,29.528405733333337,52.172778066666666,0.88338718933333327,844,
2020-05-24 11:00:00,4135001,HmiyD2TTLFNqkNe,29.893628,56.54914560000001,0.77580270666666673,845,
2020-05-24 11:15:00,4135001,HmiyD2TTLFNqkNe,30.166768533333336,54.67960166666667,0.86791275133333323,846,
2020-05-24 11:30:00,4135001,HmiyD2TTLFNqkNe,30.648152666666665,58.192274733333335,0.9587208273333333,847,
2020-05-24 11:45:00,4135001,HmiyD2TTLFNqkNe,31.086138071428575,57.581737071428577,0.856888655,848,
2020-05-24 12:00:00,4135001,HmiyD2TTLFNqkNe,30.965987133333332,58.3223184,0.9669078579999999,849,
2020-05-24 12:15:00,4135001,HmiyD2TTLFNqkNe,31.859769666666669,60.330806933333342,0.97582676266666668,850,
2020-05-24 12:30:00,4135001,HmiyD2TTLFNqkNe,31.858768666666666,60.430831466666667,0.94890711266666661,851,
2020-05-24 12:45:00,4135001,HmiyD2TTLFNqkNe,32.268751599999995,61.345308533333345,0.94214178266666682,852,
2020-05-24 13:00:00,4135001,HmiyD2TTLFNqkNe,32.5261004,61.743723933333335,0.93935336533333347,853,
2020-05-24 13:15:00,4135001,HmiyD2TTLFNqkNe,32.848590333333334,60.959371066666669,0.91937987399999987,854,
2020-05-24 13:30:00,4135001,HmiyD2TTLFNqkNe,33.082759357142862,61.575631357142861,0.79315823642857153,855,
2020-05-24 13:45:00,4135001,HmiyD2TTLFNqkNe,33.321887266666664,57.527476199999995,0.84759754400000009,856,
2020-05-24 14:00:00,4135001,HmiyD2TTLFNqkNe,33.680830733333337,59.173854533333333,0.833392598,857,
2020-05-24 14:15:00,4135001,HmiyD2TTLFNqkNe,33.551989866666666,58.270271933333333,0.83232557666666673,858,
2020-05-24 14:30:00,4135001,HmiyD2TTLFNqkNe,33.786515266666669,56.12368146666666,0.66656656933333336,859,
2020-05-24 14:45:00,4135001,HmiyD2TTLFNqkNe,33.41605233333334,52.4764444,0.67824249466666675,860,
2020-05-24 15:00:00,4135001,HmiyD2TTLFNqkNe,33.762349399999991,52.985212999999995,0.68470073533333331,861,
2020-05-24 15:15:00,4135001,HmiyD2TTLFNqkNe,33.761303733333335,54.006864266666661,0.476600342,862,
2020-05-24 15:30:00,4135001,HmiyD2TTLFNqkNe,33.279722071428566,45.374740642857141,0.23867285500000002,863,
2020-05-24 15:45:00,4135001,HmiyD2TTLFNqkNe,32.816959600000004,40.0954304,0.21446764000000001,864,
2020-05-24 16:00:00,4135001,HmiyD2TTLFNqkNe,32.728003133333338,38.610971866666667,0.28730078133333337,865,
2020-05-24 16:15:00,4135001,HmiyD2TTLFNqkNe,33.251200333333337,42.481990533333331,0.28958502733333336,866,
2020-05-24 16:30:00,4135001,HmiyD2TTLFNqkNe,32.829294400000009,40.124707066666666,0.24254479466666667,867,
2020-05-24 16:45:00,4135001,HmiyD2TTLFNqkNe,32.725746733333338,39.121545600000005,0.30354696266666675,868,
2020-05-24 17:00:00,4135001,HmiyD2TTLFNqkNe,32.855086466666677,40.3697468,0.29473146066666661,869,
2020-05-24 17:15:00,4135001,HmiyD2TTLFNqkNe,32.515638933333335,38.295467466666658,0.19999868800000004,870,
2020-05-24 17:30:00,4135001,HmiyD2TTLFNqkNe,31.9316625,35.020019714285709,0.13731326964285717,871,
2020-05-24 17:45:00,4135001,HmiyD2TTLFNqkNe,31.366953466666669,32.592636866666666,0.088127081733333335,872,
2020-05-24 18:00:00,4135001,HmiyD2TTLFNqkNe,30.75914113333333,30.545615666666666,0.0456077094,873,
2020-05-24 18:15:00,4135001,HmiyD2TTLFNqkNe,30.156076999999996,29.0945292,0.026994182600000007,874,
2020-05-24 18:30:00,4135001,HmiyD2TTLFNqkNe,29.691412400000004,28.060636333333331,0.011283630366666665,875,
2020-05-24 18:45:00,4135001,HmiyD2TTLFNqkNe,29.193908666666665,27.260127866666668,0.0012658659466666668,876,
2020-05-24 19:00:00,4135001,HmiyD2TTLFNqkNe,28.805025199999996,26.648636866666671,0,877,
2020-05-24 19:15:00,4135001,HmiyD2TTLFNqkNe,28.419458133333332,26.357106599999998,0,878,
2020-05-24 19:30:00,4135001,HmiyD2TTLFNqkNe,28.041340357142857,26.156620571428569,0,879,
2020-05-24 19:45:00,4135001,HmiyD2TTLFNqkNe,27.721820066666666,25.952933733333339,0,880,
2020-05-24 20:00:00,4135001,HmiyD2TTLFNqkNe,27.463893733333336,26.059515466666667,0,881,
2020-05-24 20:15:00,4135001,HmiyD2TTLFNqkNe,27.122413933333334,25.596382866666666,0,882,
2020-05-24 20:30:00,4135001,HmiyD2TTLFNqkNe,26.938661666666665,25.4765034,0,883,
2020-05-24 20:45:00,4135001,HmiyD2TTLFNqkNe,26.813499,25.441148066666667,0,884,
2020-05-24 21:00:00,4135001,HmiyD2TTLFNqkNe,26.721419200000003,24.9726014,0,885,
2020-05-24 21:15:00,4135001,HmiyD2TTLFNqkNe,26.061617000000002,23.810306800000003,0,886,
2020-05-24 21:30:00,4135001,HmiyD2TTLFNqkNe,25.324238285714287,23.218586714285713,0,887,
2020-05-24 21:45:00,4135001,HmiyD2TTLFNqkNe,25.055564333333333,23.151918399999996,0,888,
2020-05-24 22:00:00,4135001,HmiyD2TTLFNqkNe,24.842502866666667,23.143631933333335,0,889,
2020-05-24 22:15:00,4135001,HmiyD2TTLFNqkNe,24.7625794,23.248756800000002,0,890,
2020-05-24 22:30:00,4135001,HmiyD2TTLFNqkNe,24.650606400000004,23.198921733333329,0,891,
2020-05-24 22:45:00,4135001,HmiyD2TTLFNqkNe,24.4036906,23.266341066666666,0,892,
2020-05-24 23:00:00,4135001,HmiyD2TTLFNqkNe,24.308990466666668,23.166595600000004,0,893,
2020-05-24 23:15:00,4135001,HmiyD2TTLFNqkNe,24.175543133333335,22.930407733333336,0,894,
2020-05-24 23:30:00,4135001,HmiyD2TTLFNqkNe,24.169597214285712,22.926810357142855,0,895,
2020-05-24 23:45:00,4135001,HmiyD2TTLFNqkNe,23.777931866666666,22.760666866666668,0,896,
2020-05-25 00:00:00,4135001,HmiyD2TTLFNqkNe,23.523980866666665,22.537253866666671,0,897,
2020-05-25 00:15:00,4135001,HmiyD2TTLFNqkNe,23.576312266666665,22.5190776,0,898,
2020-05-25 00:30:00,4135001,HmiyD2TTLFNqkNe,23.793988066666667,22.6662274,0,899,
2020-05-25 00:45:00,4135001,HmiyD2TTLFNqkNe,23.823862733333332,22.743332933333335,0,900,
2020-05-25 01:00:00,4135001,HmiyD2TTLFNqkNe,23.813157266666668,22.723669266666661,0,901,
2020-05-25 01:15:00,4135001,HmiyD2TTLFNqkNe,23.8431722,22.722662466666669,0,902,
2020-05-25 01:30:00,4135001,HmiyD2TTLFNqkNe,23.7696665,22.556241714285715,0,903,
2020-05-25 01:45:00,4135001,HmiyD2TTLFNqkNe,23.749446666666671,22.520363333333332,0,904,
2020-05-25 02:00:00,4135001,HmiyD2TTLFNqkNe,23.745253333333334,22.562904666666668,0,905,
2020-05-25 02:15:00,4135001,HmiyD2TTLFNqkNe,23.723101799999995,22.517547599999997,0,906,
2020-05-25 02:30:00,4135001,HmiyD2TTLFNqkNe,23.660424866666666,22.528680466666668,0,907,
2020-05-25 02:45:00,4135001,HmiyD2TTLFNqkNe,23.564792866666664,22.4498474,0,908,
2020-05-25 03:00:00,4135001,HmiyD2TTLFNqkNe,23.53508313333333,22.328715,0,909,
2020-05-25 03:15:00,4135001,HmiyD2TTLFNqkNe,23.552939733333336,22.281717866666664,0,910,
2020-05-25 03:30:00,4135001,HmiyD2TTLFNqkNe,23.565649399999998,22.254783333333336,0,911,
2020-05-25 03:45:00,4135001,HmiyD2TTLFNqkNe,23.539119142857146,22.201566357142855,0,912,
2020-05-25 04:00:00,4135001,HmiyD2TTLFNqkNe,23.471954399999998,22.1696574,0,913,
2020-05-25 04:15:00,4135001,HmiyD2TTLFNqkNe,23.386021,22.073919666666665,0,914,
2020-05-25 04:30:00,4135001,HmiyD2TTLFNqkNe,23.424011199999995,22.176542266666669,0,915,
2020-05-25 04:45:00,4135001,HmiyD2TTLFNqkNe,23.452626466666668,22.164961733333332,0,916,
2020-05-25 05:00:00,4135001,HmiyD2TTLFNqkNe,23.358255866666667,21.581388333333329,0,917,
2020-05-25 05:15:00,4135001,HmiyD2TTLFNqkNe,23.182582533333331,21.200907266666665,0,918,
2020-05-25 05:30:00,4135001,HmiyD2TTLFNqkNe,23.065572,20.990049333333332,0,919,
2020-05-25 05:45:00,4135001,HmiyD2TTLFNqkNe,22.930503333333334,21.10439453333333,0.0019075597822666665,920,
2020-05-25 06:00:00,4135001,HmiyD2TTLFNqkNe,22.90438138461538,21.018923153846153,0.014271830461538459,921,
2020-05-25 06:15:00,4135001,HmiyD2TTLFNqkNe,23.016544857142858,21.453314571428571,0.0331407035,922,
2020-05-25 06:30:00,4135001,HmiyD2TTLFNqkNe,23.312432866666672,22.078063866666664,0.050611544000000008,923,
2020-05-25 06:45:00,4135001,HmiyD2TTLFNqkNe,23.515736933333329,22.768511999999998,0.083218589066666668,924,
2020-05-25 07:00:00,4135001,HmiyD2TTLFNqkNe,23.788940466666666,23.575608266666666,0.14865463399999998,925,
2020-05-25 07:15:00,4135001,HmiyD2TTLFNqkNe,24.000909399999998,25.621758933333332,0.20363394933333334,926,
2020-05-25 07:30:00,4135001,HmiyD2TTLFNqkNe,24.3116068,28.332320066666668,0.20289296533333331,927,
2020-05-25 07:45:00,4135001,HmiyD2TTLFNqkNe,24.44554646666667,30.010496,0.28127497066666662,928,
2020-05-25 08:00:00,4135001,HmiyD2TTLFNqkNe,24.688751333333336,31.772113133333335,0.24209316333333333,929,
2020-05-25 08:15:00,4135001,HmiyD2TTLFNqkNe,24.931500133333333,34.9920044,0.44457300933333338,930,
2020-05-25 08:30:00,4135001,HmiyD2TTLFNqkNe,25.733790571428575,40.257655642857138,0.50473110785714292,931,
2020-05-25 08:45:00,4135001,HmiyD2TTLFNqkNe,26.3876404,43.30431733333333,0.55701717533333339,932,
2020-05-25 09:00:00,4135001,HmiyD2TTLFNqkNe,26.970560666666664,45.55024,0.61822576266666662,933,
2020-05-25 09:15:00,4135001,HmiyD2TTLFNqkNe,27.714882333333335,48.363682000000004,0.67044871799999994,934,
2020-05-25 09:30:00,4135001,HmiyD2TTLFNqkNe,28.173484266666673,49.310594,0.71476160466666672,935,
2020-05-25 09:45:00,4135001,HmiyD2TTLFNqkNe,28.550756800000002,51.143084733333339,0.76303635733333341,936,
2020-05-25 10:00:00,4135001,HmiyD2TTLFNqkNe,28.6851826,52.744712666666658,0.80242721266666672,937,
2020-05-25 10:15:00,4135001,HmiyD2TTLFNqkNe,29.217750933333328,53.501413800000009,0.83415663933333339,938,
2020-05-25 10:30:00,4135001,HmiyD2TTLFNqkNe,29.567946466666665,55.372322733333341,0.86276647333333345,939,
2020-05-25 10:45:00,4135001,HmiyD2TTLFNqkNe,29.840794285714288,58.034288714285715,0.89173150428571435,940,
2020-05-25 11:00:00,4135001,HmiyD2TTLFNqkNe,30.382309933333335,59.358414866666664,0.91318209333333344,941,
2020-05-25 11:15:00,4135001,HmiyD2TTLFNqkNe,30.986580466666663,60.1309834,0.92884452933333328,942,
2020-05-25 11:30:00,4135001,HmiyD2TTLFNqkNe,31.036269066666666,60.584948666666669,0.94798468600000019,943,
2020-05-25 11:45:00,4135001,HmiyD2TTLFNqkNe,31.562182666666668,58.136405266666664,0.95879586333333333,944,
2020-05-25 12:00:00,4135001,HmiyD2TTLFNqkNe,31.597302133333333,58.968158066666668,0.96522589866666675,945,
2020-05-25 12:15:00,4135001,HmiyD2TTLFNqkNe,32.02379753333333,58.25814226666666,0.97058643599999994,946,
2020-05-25 12:30:00,4135001,HmiyD2TTLFNqkNe,32.301985666666667,58.666117466666662,0.96661682933333326,947,
2020-05-25 12:45:00,4135001,HmiyD2TTLFNqkNe,32.367924500000008,60.752539999999996,0.96000629928571424,948,
2020-05-25 13:00:00,4135001,HmiyD2TTLFNqkNe,32.788692133333335,60.102559266666674,0.94532850466666662,949,
2020-05-25 13:15:00,4135001,HmiyD2TTLFNqkNe,33.254821857142865,60.868497285714284,0.91305009642857149,950,
2020-05-25 13:30:00,4135001,HmiyD2TTLFNqkNe,33.4319154,60.258821466666674,0.86583572266666664,951,
2020-05-25 13:45:00,4135001,HmiyD2TTLFNqkNe,33.4819584,59.384025266666676,0.879347218,952,
2020-05-25 14:00:00,4135001,HmiyD2TTLFNqkNe,33.323653333333333,58.808799133333338,0.86072336466666666,953,
2020-05-25 14:15:00,4135001,HmiyD2TTLFNqkNe,33.540535600000005,59.177929600000006,0.7999019353333332,954,
2020-05-25 14:30:00,4135001,HmiyD2TTLFNqkNe,33.7554728,56.660072933333332,0.74314292399999993,955,
2020-05-25 14:45:00,4135001,HmiyD2TTLFNqkNe,34.096847714285722,54.989977428571429,0.76030309214285707,956,
2020-05-25 15:00:00,4135001,HmiyD2TTLFNqkNe,34.382596666666664,57.547350933333327,0.75491215266666678,957,
2020-05-25 15:15:00,4135001,HmiyD2TTLFNqkNe,34.232936733333325,54.871441666666662,0.67735673733333335,958,
2020-05-25 15:30:00,4135001,HmiyD2TTLFNqkNe,34.278066,49.945772133333335,0.50494928133333339,959,
2020-05-25 15:45:00,4135001,HmiyD2TTLFNqkNe,34.629477933333334,50.885331533333328,0.62944534333333324,960,
2020-05-25 16:00:00,4135001,HmiyD2TTLFNqkNe,34.7056704,51.994989133333334,0.55140508599999993,961,
2020-05-25 16:15:00,4135001,HmiyD2TTLFNqkNe,34.310097466666669,46.149710799999994,0.306095652,962,
2020-05-25 16:30:00,4135001,HmiyD2TTLFNqkNe,33.7051188,39.091504199999996,0.13373627366666671,963,
2020-05-25 16:45:00,4135001,HmiyD2TTLFNqkNe,32.851244214285707,34.757869214285712,0.087811558285714283,964,
2020-05-25 17:00:00,4135001,HmiyD2TTLFNqkNe,32.63336773333333,33.214491666666667,0.0755440882,965,
2020-05-25 17:15:00,4135001,HmiyD2TTLFNqkNe,32.454970066666668,32.520924533333336,0.067454051533333309,966,
2020-05-25 17:30:00,4135001,HmiyD2TTLFNqkNe,32.222483600000004,31.912021933333332,0.050618351066666664,967,
2020-05-25 17:45:00,4135001,HmiyD2TTLFNqkNe,30.906561266666667,30.832251133333333,0.036754938733333332,968,
2020-05-25 18:00:00,4135001,HmiyD2TTLFNqkNe,29.405578533333337,28.884993533333336,0.032407943133333332,969,
2020-05-25 18:15:00,4135001,HmiyD2TTLFNqkNe,28.774715333333326,27.363647333333333,0.016571363300000003,970,
2020-05-25 18:30:00,4135001,HmiyD2TTLFNqkNe,27.8907064,26.166186666666668,0.0038019427373333333,971,
2020-05-25 18:45:00,4135001,HmiyD2TTLFNqkNe,27.147125199999998,25.1309936,4.9854124400000013e-05,972,
2020-05-25 19:00:00,4135001,HmiyD2TTLFNqkNe,26.844663285714287,24.812990357142855,0,973,
2020-05-25 19:15:00,4135001,HmiyD2TTLFNqkNe,26.803802466666667,24.558612066666665,0,974,
2020-05-25 19:30:00,4135001,HmiyD2TTLFNqkNe,26.529679400000006,23.829675399999996,0,975,
2020-05-25 19:45:00,4135001,HmiyD2TTLFNqkNe,26.139196733333332,23.174355066666667,0,976,
2020-05-25 20:00:00,4135001,HmiyD2TTLFNqkNe,25.983170533333329,22.6132344,0,977,
2020-05-25 20:15:00,4135001,HmiyD2TTLFNqkNe,25.925913466666671,22.996138533333333,0,978,
2020-05-25 20:30:00,4135001,HmiyD2TTLFNqkNe,26.3512246,24.133376066666667,0,979,
2020-05-25 20:45:00,4135001,HmiyD2TTLFNqkNe,26.670039933333335,25.027766933333336,0,980,
2020-05-25 21:00:00,4135001,HmiyD2TTLFNqkNe,26.749880071428574,25.323394642857146,0,981,
2020-05-25 21:15:00,4135001,HmiyD2TTLFNqkNe,26.743371466666666,25.456490066666667,0,982,
2020-05-25 21:30:00,4135001,HmiyD2TTLFNqkNe,25.059989266666665,25.027827933333331,0,983,
2020-05-25 21:45:00,4135001,HmiyD2TTLFNqkNe,23.232230599999998,23.098738533333332,0,984,
2020-05-25 22:00:00,4135001,HmiyD2TTLFNqkNe,22.500705933333329,21.936138666666668,0,985,
2020-05-25 22:15:00,4135001,HmiyD2TTLFNqkNe,22.444230133333331,21.5962768,0,986,
2020-05-25 22:30:00,4135001,HmiyD2TTLFNqkNe,22.482853266666666,21.490083933333331,0,987,
2020-05-25 22:45:00,4135001,HmiyD2TTLFNqkNe,22.546732533333333,21.027425333333337,0,988,
2020-05-25 23:00:00,4135001,HmiyD2TTLFNqkNe,22.538633333333337,20.3957946,0,989,
2020-05-25 23:15:00,4135001,HmiyD2TTLFNqkNe,22.499492000000004,20.065861428571427,0,990,
2020-05-25 23:30:00,4135001,HmiyD2TTLFNqkNe,22.470717400000005,19.818194466666668,0,991,
2020-05-25 23:45:00,4135001,HmiyD2TTLFNqkNe,22.384967,19.720330800000003,0,992,
2020-05-26 00:00:00,4135001,HmiyD2TTLFNqkNe,22.329964133333338,19.769138533333333,0,993,
2020-05-26 00:15:00,4135001,HmiyD2TTLFNqkNe,22.266125533333334,19.924202599999997,0,994,
2020-05-26 00:30:00,4135001,HmiyD2TTLFNqkNe,22.277128066666666,19.96756606666667,0,995,
2020-05-26 00:45:00,4135001,HmiyD2TTLFNqkNe,22.151906400000005,19.948490333333336,0,996,
2020-05-26 01:00:00,4135001,HmiyD2TTLFNqkNe,22.209784,19.795607666666665,0,997,
2020-05-26 01:15:00,4135001,HmiyD2TTLFNqkNe,22.266959666666665,19.688240466666667,0,998,
2020-05-26 01:30:00,4135001,HmiyD2TTLFNqkNe,22.238921999999995,19.587624571428574,0,999,
2020-05-26 01:45:00,4135001,HmiyD2TTLFNqkNe,22.173992933333334,19.648162866666667,0,1000,
2020-05-26 02:00:00,4135001,HmiyD2TTLFNqkNe,22.08363446666667,19.613254866666669,0,1001,
2020-05-26 02:15:00,4135001,HmiyD2TTLFNqkNe,21.980529733333331,19.471203533333334,0,1002,
2020-05-26 02:30:00,4135001,HmiyD2TTLFNqkNe,21.735559066666667,19.139823333333332,0,1003,
2020-05-26 02:45:00,4135001,HmiyD2TTLFNqkNe,21.402293,18.911025,0,1004,
2020-05-26 03:00:00,4135001,HmiyD2TTLFNqkNe,21.340140866666669,18.893041933333333,0,1005,
2020-05-26 03:15:00,4135001,HmiyD2TTLFNqkNe,21.357849266666665,19.002968399999997,0,1006,
2020-05-26 03:30:00,4135001,HmiyD2TTLFNqkNe,21.379243933333335,19.249369266666665,0,1007,
2020-05-26 03:45:00,4135001,HmiyD2TTLFNqkNe,21.381363999999998,19.323044733333333,0,1008,
2020-05-26 04:00:00,4135001,HmiyD2TTLFNqkNe,21.259425642857138,19.017571500000003,0,1009,
2020-05-26 04:15:00,4135001,HmiyD2TTLFNqkNe,21.066817333333333,18.7768678,0,1010,
2020-05-26 04:30:00,4135001,HmiyD2TTLFNqkNe,21.374348866666665,18.972381733333339,0,1011,
2020-05-26 04:45:00,4135001,HmiyD2TTLFNqkNe,21.550233933333335,19.259316000000002,0,1012,
2020-05-26 05:00:00,4135001,HmiyD2TTLFNqkNe,21.640612933333333,19.093664466666667,0,1013,
2020-05-26 05:15:00,4135001,HmiyD2TTLFNqkNe,21.899794533333331,19.312314866666664,0,1014,
2020-05-26 05:30:00,4135001,HmiyD2TTLFNqkNe,22.3387368,19.757601,0,1015,
2020-05-26 05:45:00,4135001,HmiyD2TTLFNqkNe,22.401477000000003,19.994679733333331,0.0008254361254000002,1016,
2020-05-26 06:00:00,4135001,HmiyD2TTLFNqkNe,22.495716785714286,20.229721071428571,0.01056348907142857,1017,
2020-05-26 06:15:00,4135001,HmiyD2TTLFNqkNe,22.62713006666667,20.668404133333333,0.0287589122,1018,
2020-05-26 06:30:00,4135001,HmiyD2TTLFNqkNe,22.841064466666662,21.282033466666665,0.050681859600000004,1019,
2020-05-26 06:45:00,4135001,HmiyD2TTLFNqkNe,23.171523066666666,22.294864933333333,0.084808915,1020,
2020-05-26 07:00:00,4135001,HmiyD2TTLFNqkNe,23.54695426666667,23.866823333333336,0.15828855866666666,1021,
2020-05-26 07:15:00,4135001,HmiyD2TTLFNqkNe,23.946079466666667,26.170033866666667,0.21528912,1022,
2020-05-26 07:30:00,4135001,HmiyD2TTLFNqkNe,24.416178333333328,29.170227,0.27174687666666664,1023,
2020-05-26 07:45:00,4135001,HmiyD2TTLFNqkNe,24.91252433333333,32.155680466666674,0.330588588,1024,
2020-05-26 08:00:00,4135001,HmiyD2TTLFNqkNe,25.354199066666666,35.498592200000004,0.39576236733333331,1025,
2020-05-26 08:15:00,4135001,HmiyD2TTLFNqkNe,26.096950071428576,39.086399571428565,0.45137335071428569,1026,
2020-05-26 08:30:00,4135001,HmiyD2TTLFNqkNe,26.634405400000002,41.779225466666659,0.50800591000000017,1027,
2020-05-26 08:45:00,4135001,HmiyD2TTLFNqkNe,26.999525933333331,43.4644392,0.56084592000000011,1028,
2020-05-26 09:00:00,4135001,HmiyD2TTLFNqkNe,27.205737133333333,45.212386133333332,0.61529065733333332,1029,
2020-05-26 09:15:00,4135001,HmiyD2TTLFNqkNe,27.668807,48.982557933333339,0.666398724,1030,
2020-05-26 09:30:00,4135001,HmiyD2TTLFNqkNe,27.950823933333332,51.054569666666666,0.72014586733333319,1031,
2020-05-26 09:45:00,4135001,HmiyD2TTLFNqkNe,28.379007799999997,53.2701114,0.76600802666666667,1032,
2020-05-26 10:00:00,4135001,HmiyD2TTLFNqkNe,28.9688944,54.075234266666662,0.81554626399999985,1033,
2020-05-26 10:15:00,4135001,HmiyD2TTLFNqkNe,29.619524214285718,55.347989714285717,0.719329505,1034,
2020-05-26 10:30:00,4135001,HmiyD2TTLFNqkNe,29.580118799999994,57.320167999999995,0.98410905733333331,1035,
2020-05-26 10:45:00,4135001,HmiyD2TTLFNqkNe,29.967765333333332,59.424285733333335,0.85211065733333335,1036,
2020-05-26 11:00:00,4135001,HmiyD2TTLFNqkNe,30.100533133333332,56.944523066666669,0.988618098666667,1037,
2020-05-26 11:15:00,4135001,HmiyD2TTLFNqkNe,30.313747133333337,55.357067933333333,0.58043121400000008,1038,
2020-05-26 11:30:00,4135001,HmiyD2TTLFNqkNe,30.505511533333333,57.031303066666666,0.838770058,1039,
2020-05-26 11:45:00,4135001,HmiyD2TTLFNqkNe,30.716996333333331,52.6329488,0.70526395333333336,1040,
2020-05-26 12:00:00,4135001,HmiyD2TTLFNqkNe,30.900615071428568,53.412794,0.68809057928571415,1041,
2020-05-26 12:15:00,4135001,HmiyD2TTLFNqkNe,31.358137933333335,59.133262,1.0541559813333337,1042,
2020-05-26 12:30:00,4135001,HmiyD2TTLFNqkNe,31.578393466666665,54.042319733333336,0.54485554933333336,1043,
2020-05-26 12:45:00,4135001,HmiyD2TTLFNqkNe,32.030253133333332,59.7176536,1.008637932,1044,
2020-05-26 13:00:00,4135001,HmiyD2TTLFNqkNe,32.626951000000005,60.1761166,0.68237285533333336,1045,
2020-05-26 13:15:00,4135001,HmiyD2TTLFNqkNe,32.068637999999993,50.044138933333329,0.59184678933333335,1046,
2020-05-26 13:30:00,4135001,HmiyD2TTLFNqkNe,32.800970266666667,58.153411733333328,0.81810988800000006,1047,
2020-05-26 13:45:00,4135001,HmiyD2TTLFNqkNe,33.185274066666665,61.564326866666669,0.95664062933333338,1048,
2020-05-26 14:00:00,4135001,HmiyD2TTLFNqkNe,33.488020999999996,59.663859200000005,0.71881537600000012,1049,
2020-05-26 14:15:00,4135001,HmiyD2TTLFNqkNe,32.707593357142855,48.42773878571429,0.24348246000000004,1050,
2020-05-26 14:30:00,4135001,HmiyD2TTLFNqkNe,32.27215373333334,44.459631266666669,0.44526001800000004,1051,
2020-05-26 14:45:00,4135001,HmiyD2TTLFNqkNe,32.344919933333337,43.775168599999994,0.302484416,1052,
2020-05-26 15:00:00,4135001,HmiyD2TTLFNqkNe,32.281588,41.693658666666664,0.32737719200000004,1053,
2020-05-26 15:15:00,4135001,HmiyD2TTLFNqkNe,32.395532466666658,42.827371933333339,0.31914097800000008,1054,
2020-05-26 15:30:00,4135001,HmiyD2TTLFNqkNe,32.8598512,46.556711666666658,0.53613769733333339,1055,
2020-05-26 15:45:00,4135001,HmiyD2TTLFNqkNe,33.26259353333333,48.231889,0.52865995666666676,1056,
2020-05-26 16:00:00,4135001,HmiyD2TTLFNqkNe,33.405877066666676,46.343874133333337,0.37085346000000008,1057,
2020-05-26 16:15:00,4135001,HmiyD2TTLFNqkNe,33.265648642857144,44.920237928571424,0.45157641642857144,1058,
2020-05-26 16:30:00,4135001,HmiyD2TTLFNqkNe,33.167559333333337,43.828609066666672,0.39307858466666667,1059,
2020-05-26 16:45:00,4135001,HmiyD2TTLFNqkNe,33.059299933333335,42.801250933333336,0.42512066933333331,1060,
2020-05-26 17:00:00,4135001,HmiyD2TTLFNqkNe,33.041036133333321,42.602134400000004,0.31099647933333335,1061,
2020-05-26 17:15:00,4135001,HmiyD2TTLFNqkNe,32.083526600000006,36.045780600000008,0.069906492533333336,1062,
2020-05-26 17:30:00,4135001,HmiyD2TTLFNqkNe,31.256394333333333,31.672898466666666,0.044067812933333339,1063,
2020-05-26 17:45:00,4135001,HmiyD2TTLFNqkNe,30.519482466666663,30.251395666666667,0.0352655896,1064,
2020-05-26 18:00:00,4135001,HmiyD2TTLFNqkNe,29.59416113333333,29.093566866666666,0.02655509926666666,1065,
2020-05-26 18:15:00,4135001,HmiyD2TTLFNqkNe,29.093019666666667,28.168933133333333,0.024506039200000003,1066,
2020-05-26 18:30:00,4135001,HmiyD2TTLFNqkNe,28.737601,27.428604214285713,0.012341525507142856,1067,
2020-05-26 18:45:00,4135001,HmiyD2TTLFNqkNe,28.444854666666668,26.5186422,0.00069092729333333346,1068,
2020-05-26 19:00:00,4135001,HmiyD2TTLFNqkNe,28.237831533333335,26.154162666666664,0,1069,
2020-05-26 19:15:00,4135001,HmiyD2TTLFNqkNe,28.049542199999998,25.89157706666667,0,1070,
2020-05-26 19:30:00,4135001,HmiyD2TTLFNqkNe,27.280301933333337,25.3176128,0,1071,
2020-05-26 19:45:00,4135001,HmiyD2TTLFNqkNe,26.344228133333331,24.456264266666665,0,1072,
2020-05-26 20:00:00,4135001,HmiyD2TTLFNqkNe,25.804827866666667,23.431742333333332,0,1073,
2020-05-26 20:15:00,4135001,HmiyD2TTLFNqkNe,25.6798888,22.875461866666669,0,1074,
2020-05-26 20:30:00,4135001,HmiyD2TTLFNqkNe,26.317622866666667,23.06435553333333,0,1075,
2020-05-26 20:45:00,4135001,HmiyD2TTLFNqkNe,26.737034357142857,23.771536714285713,0,1076,
2020-05-26 21:00:00,4135001,HmiyD2TTLFNqkNe,26.739679000000002,24.498923799999996,0,1077,
2020-05-26 21:15:00,4135001,HmiyD2TTLFNqkNe,26.860953933333338,25.539577266666669,0,1078,
2020-05-26 21:30:00,4135001,HmiyD2TTLFNqkNe,26.751902266666669,25.910893000000005,0,1079,
2020-05-26 21:45:00,4135001,HmiyD2TTLFNqkNe,25.950315533333338,24.791290333333336,0,1080,
2020-05-26 22:00:00,4135001,HmiyD2TTLFNqkNe,25.970591266666666,24.292592333333335,0,1081,
2020-05-26 22:15:00,4135001,HmiyD2TTLFNqkNe,25.9664206,24.102557466666664,0,1082,
2020-05-26 22:30:00,4135001,HmiyD2TTLFNqkNe,25.976723266666664,23.806612266666669,0,1083,
2020-05-26 22:45:00,4135001,HmiyD2TTLFNqkNe,25.810259142857145,23.5601895,0,1084,
2020-05-26 23:00:00,4135001,HmiyD2TTLFNqkNe,25.312601666666666,23.815649266666664,0,1085,
2020-05-26 23:15:00,4135001,HmiyD2TTLFNqkNe,23.959344400000003,23.300472066666668,0,1086,
2020-05-26 23:30:00,4135001,HmiyD2TTLFNqkNe,23.662758399999998,22.656899,0,1087,
2020-05-26 23:45:00,4135001,HmiyD2TTLFNqkNe,23.458341533333336,22.191664799999998,0,1088,
2020-05-27 00:00:00,4135001,HmiyD2TTLFNqkNe,23.350636733333332,21.8250304,0,1089,
2020-05-27 00:15:00,4135001,HmiyD2TTLFNqkNe,23.3878704,21.7501342,0,1090,
2020-05-27 00:30:00,4135001,HmiyD2TTLFNqkNe,23.411604733333334,21.652988533333335,0,1091,
2020-05-27 00:45:00,4135001,HmiyD2TTLFNqkNe,23.439538533333334,21.8520548,0,1092,
2020-05-27 01:00:00,4135001,HmiyD2TTLFNqkNe,23.478940714285713,22.0078015,0,1093,
2020-05-27 01:15:00,4135001,HmiyD2TTLFNqkNe,23.5569438,22.194950199999997,0,1094,
2020-05-27 01:30:00,4135001,HmiyD2TTLFNqkNe,23.609700399999998,22.218638066666667,0,1095,
2020-05-27 01:45:00,4135001,HmiyD2TTLFNqkNe,23.595737733333337,22.002624466666667,0,1096,
2020-05-27 02:00:00,4135001,HmiyD2TTLFNqkNe,23.378357000000005,21.570123533333334,0,1097,
2020-05-27 02:15:00,4135001,HmiyD2TTLFNqkNe,23.295308333333331,21.209047466666668,0,1098,
2020-05-27 02:30:00,4135001,HmiyD2TTLFNqkNe,23.3853394,21.548024533333329,0,1099,
2020-05-27 02:45:00,4135001,HmiyD2TTLFNqkNe,24.115211933333335,22.05081173333333,0,1100,
2020-05-27 03:00:00,4135001,HmiyD2TTLFNqkNe,24.209280785714284,22.253919357142859,0,1101,
2020-05-27 03:15:00,4135001,HmiyD2TTLFNqkNe,24.113977066666667,21.963254733333336,0,1102,
2020-05-27 03:30:00,4135001,HmiyD2TTLFNqkNe,24.007735066666662,21.682126933333329,0,1103,
2020-05-27 03:45:00,4135001,HmiyD2TTLFNqkNe,23.8672546,21.502303266666669,0,1104,
2020-05-27 04:00:00,4135001,HmiyD2TTLFNqkNe,23.618619666666667,21.469712333333334,0,1105,
2020-05-27 04:15:00,4135001,HmiyD2TTLFNqkNe,23.4968382,21.601784133333336,0,1106,
2020-05-27 04:30:00,4135001,HmiyD2TTLFNqkNe,23.555959133333335,21.480460533333332,0,1107,
2020-05-27 04:45:00,4135001,HmiyD2TTLFNqkNe,23.599875933333333,21.486816399999995,0,1108,
2020-05-27 05:00:00,4135001,HmiyD2TTLFNqkNe,23.591532466666663,21.537072733333332,0,1109,
2020-05-27 05:15:00,4135001,HmiyD2TTLFNqkNe,23.456994428571427,21.577333857142857,0,1110,
2020-05-27 05:30:00,4135001,HmiyD2TTLFNqkNe,23.406447400000005,21.700998933333338,0,1111,
2020-05-27 05:45:00,4135001,HmiyD2TTLFNqkNe,23.3181456,21.41036373333333,0.00084053719833333341,1112,
2020-05-27 06:00:00,4135001,HmiyD2TTLFNqkNe,23.216046000000006,21.406390466666668,0.011790448319999999,1113,
2020-05-27 06:15:00,4135001,HmiyD2TTLFNqkNe,23.138917933333335,21.6591104,0.027574785933333339,1114,
2020-05-27 06:30:00,4135001,HmiyD2TTLFNqkNe,23.3408814,22.568991999999998,0.060635709066666668,1115,
2020-05-27 06:45:00,4135001,HmiyD2TTLFNqkNe,24.041567200000003,23.861043266666666,0.11128997626666666,1116,
2020-05-27 07:00:00,4135001,HmiyD2TTLFNqkNe,24.464884533333333,24.944256533333338,0.16165713466666665,1117,
2020-05-27 07:15:00,4135001,HmiyD2TTLFNqkNe,24.711029066666665,25.490907733333334,0.15421234093333333,1118,
2020-05-27 07:30:00,4135001,HmiyD2TTLFNqkNe,25.215722142857146,29.4314075,0.25429981357142856,1119,
2020-05-27 07:45:00,4135001,HmiyD2TTLFNqkNe,25.711328266666666,33.471195333333334,0.30204267800000006,1120,
2020-05-27 08:00:00,4135001,HmiyD2TTLFNqkNe,26.1143576,35.967297400000007,0.34245705066666671,1121,
2020-05-27 08:15:00,4135001,HmiyD2TTLFNqkNe,26.739856000000003,38.968133466666664,0.453155868,1122,
2020-05-27 08:30:00,4135001,HmiyD2TTLFNqkNe,27.176381399999997,40.5386984,0.44851216066666671,1123,
2020-05-27 08:45:00,4135001,HmiyD2TTLFNqkNe,27.553778,41.083508399999992,0.56015156266666666,1124,
2020-05-27 09:00:00,4135001,HmiyD2TTLFNqkNe,27.842344266666668,44.2842408,0.61347827133333344,1125,
2020-05-27 09:15:00,4135001,HmiyD2TTLFNqkNe,28.183992466666666,47.587028066666669,0.63148828,1126,
2020-05-27 09:30:00,4135001,HmiyD2TTLFNqkNe,28.570597266666667,49.266514199999996,0.690779268,1127,
2020-05-27 09:45:00,4135001,HmiyD2TTLFNqkNe,29.141590642857146,50.962236928571436,0.62649253357142853,1128,
2020-05-27 10:00:00,4135001,HmiyD2TTLFNqkNe,29.011586333333334,47.639289111111104,0.66640501000000008,1129,
2020-05-27 10:15:00,4135001,HmiyD2TTLFNqkNe,29.150216214285713,46.961443357142855,0.45525192785714286,1130,
2020-05-27 10:30:00,4135001,HmiyD2TTLFNqkNe,29.157197866666667,47.721988933333328,0.61199237800000006,1131,
2020-05-27 10:45:00,4135001,HmiyD2TTLFNqkNe,29.738852999999995,47.4182232,0.56315828200000007,1132,
2020-05-27 11:00:00,4135001,HmiyD2TTLFNqkNe,29.9996884,49.968572866666662,0.562169516,1133,
2020-05-27 11:15:00,4135001,HmiyD2TTLFNqkNe,30.1848064,50.714096999999995,0.83366643866666668,1134,
2020-05-27 11:30:00,4135001,HmiyD2TTLFNqkNe,31.295017400000003,60.843680733333329,0.96586811600000011,1135,
2020-05-27 11:45:00,4135001,HmiyD2TTLFNqkNe,31.858074933333331,61.514176466666669,0.754565452,1136,
2020-05-27 12:00:00,4135001,HmiyD2TTLFNqkNe,31.947033799999996,62.420866000000004,1.0365607706666664,1137,
2020-05-27 12:15:00,4135001,HmiyD2TTLFNqkNe,32.104089071428582,59.949493357142856,0.59831577285714288,1138,
2020-05-27 12:30:00,4135001,HmiyD2TTLFNqkNe,32.095951199999995,51.931612066666659,0.57486874666666665,1139,
2020-05-27 12:45:00,4135001,HmiyD2TTLFNqkNe,32.271577866666668,53.3307006,0.62740435133333339,1140,
2020-05-27 13:00:00,4135001,HmiyD2TTLFNqkNe,32.525620533333331,52.570542066666668,0.71746617133333324,1141,
2020-05-27 13:15:00,4135001,HmiyD2TTLFNqkNe,32.664434733333337,48.46199133333333,0.34888233666666668,1142,
2020-05-27 13:30:00,4135001,HmiyD2TTLFNqkNe,32.206553133333323,42.755688333333325,0.29948106866666674,1143,
2020-05-27 13:45:00,4135001,HmiyD2TTLFNqkNe,32.329268466666662,42.203263199999995,0.30570664666666669,1144,
2020-05-27 14:00:00,4135001,HmiyD2TTLFNqkNe,32.319172866666662,41.912998266666662,0.30374007133333331,1145,
2020-05-27 14:15:00,4135001,HmiyD2TTLFNqkNe,32.301509666666675,42.757118733333343,0.28569792399999994,1146,
2020-05-27 14:30:00,4135001,HmiyD2TTLFNqkNe,32.7693424,47.220991733333335,0.65547876866666677,1147,
2020-05-27 14:45:00,4135001,HmiyD2TTLFNqkNe,32.979010571428581,49.883756,0.36125575642857144,1148,
2020-05-27 15:00:00,4135001,HmiyD2TTLFNqkNe,32.9282166,45.9347556,0.3312335933333333,1149,
2020-05-27 15:15:00,4135001,HmiyD2TTLFNqkNe,32.6388932,43.367417200000006,0.27693861999999997,1150,
2020-05-27 15:30:00,4135001,HmiyD2TTLFNqkNe,31.765978933333333,44.435286533333333,0.615993176,1151,
2020-05-27 15:45:00,4135001,HmiyD2TTLFNqkNe,32.458738266666664,48.128287933333333,0.462262998,1152,
2020-05-27 16:00:00,4135001,HmiyD2TTLFNqkNe,32.222886066666661,44.19463313333334,0.476263588,1153,
2020-05-27 16:15:00,4135001,HmiyD2TTLFNqkNe,32.066961466666662,43.235078733333332,0.3650563653333333,1154,
2020-05-27 16:30:00,4135001,HmiyD2TTLFNqkNe,32.060280266666666,42.743831266666668,0.36557890266666665,1155,
2020-05-27 16:45:00,4135001,HmiyD2TTLFNqkNe,31.461081866666667,39.375150733333328,0.22242698133333336,1156,
2020-05-27 17:00:00,4135001,HmiyD2TTLFNqkNe,30.931368071428572,35.767237857142852,0.18054517357142857,1157,
2020-05-27 17:15:00,4135001,HmiyD2TTLFNqkNe,30.445636066666673,33.627032533333335,0.12413339333333336,1158,
2020-05-27 17:30:00,4135001,HmiyD2TTLFNqkNe,30.095953266666665,31.55705773333333,0.063272019866666668,1159,
2020-05-27 17:45:00,4135001,HmiyD2TTLFNqkNe,29.846213866666666,30.149639866666664,0.042321342000000005,1160,
2020-05-27 18:00:00,4135001,HmiyD2TTLFNqkNe,29.454140199999998,28.8870646,0.020884350033333336,1161,
2020-05-27 18:15:00,4135001,HmiyD2TTLFNqkNe,28.880454466666663,27.785554933333334,0.0098169462733333351,1162,
2020-05-27 18:30:00,4135001,HmiyD2TTLFNqkNe,27.919635066666668,26.451664333333337,0.0019553224081999996,1163,
2020-05-27 18:45:00,4135001,HmiyD2TTLFNqkNe,28.1855752,26.008966066666666,0,1164,
2020-05-27 19:00:00,4135001,HmiyD2TTLFNqkNe,28.091544142857138,25.528405357142859,0,1165,
2020-05-27 19:15:00,4135001,HmiyD2TTLFNqkNe,27.561787866666663,25.778186133333332,6.4555534e-05,1166,
2020-05-27 19:30:00,4135001,HmiyD2TTLFNqkNe,24.259470533333332,24.534897866666665,2.4998420000000006e-05,1167,
2020-05-27 19:45:00,4135001,HmiyD2TTLFNqkNe,23.184794066666669,22.366939266666666,0,1168,
2020-05-27 20:00:00,4135001,HmiyD2TTLFNqkNe,23.055761666666662,21.543813,0,1169,
2020-05-27 20:15:00,4135001,HmiyD2TTLFNqkNe,22.889481666666661,21.416206933333331,0,1170,
2020-05-27 20:30:00,4135001,HmiyD2TTLFNqkNe,22.825628666666667,21.130249133333333,0,1171,
2020-05-27 20:45:00,4135001,HmiyD2TTLFNqkNe,22.960976066666671,21.154176733333337,0,1172,
2020-05-27 21:00:00,4135001,HmiyD2TTLFNqkNe,23.148819000000003,21.301618428571434,0,1173,
2020-05-27 21:15:00,4135001,HmiyD2TTLFNqkNe,23.238673999999996,21.125946199999998,0,1174,
2020-05-27 21:30:00,4135001,HmiyD2TTLFNqkNe,23.172168,20.791208866666668,0,1175,
2020-05-27 21:45:00,4135001,HmiyD2TTLFNqkNe,23.009366933333336,20.558011866666664,0,1176,
2020-05-27 22:00:00,4135001,HmiyD2TTLFNqkNe,22.935736066666664,20.534486933333334,0,1177,
2020-05-27 22:15:00,4135001,HmiyD2TTLFNqkNe,22.899599133333332,20.5220438,0,1178,
