,DATE_TIME,PLANT_ID,SOURCE_KEY,DC_POWER,AC_POWER,DAILY_YIELD,TOTAL_YIELD,INDEX,IRRADIATION,;;;;;;;;;;
0,15-05-2020 00:00,4135001,1BY6WEcLGh8j5v7,0.0,0.0,0.0,6259559.0,1,0,;;;;;;;;;;
21,15-05-2020 00:15,4135001,1BY6WEcLGh8j5v7,0.0,0.0,0.0,6259559.0,2,0,;;;;;;;;;;
42,15-05-2020 00:30,4135001,1BY6WEcLGh8j5v7,0.0,0.0,0.0,6259559.0,3,0,;;;;;;;;;;
63,15-05-2020 00:45,4135001,1BY6WEcLGh8j5v7,0.0,0.0,0.0,6259559.0,4,0,;;;;;;;;;;
84,15-05-2020 01:00,4135001,1BY6WEcLGh8j5v7,0.0,0.0,0.0,6259559.0,5,0,;;;;;;;;;;
106,15-05-2020 01:15,4135001,1BY6WEcLGh8j5v7,0.0,0.0,0.0,6259559.0,6,0,;;;;;;;;;;
127,15-05-2020 01:30,4135001,1BY6WEcLGh8j5v7,0.0,0.0,0.0,6259559.0,7,0,;;;;;;;;;;
148,15-05-2020 01:45,4135001,1BY6WEcLGh8j5v7,0.0,0.0,0.0,6259559.0,8,0,;;;;;;;;;;
170,15-05-2020 02:00,4135001,1BY6WEcLGh8j5v7,0.0,0.0,0.0,6259559.0,9,0,;;;;;;;;;;
191,15-05-2020 02:15,4135001,1BY6WEcLGh8j5v7,0.0,0.0,0.0,6259559.0,10,0,;;;;;;;;;;
212,15-05-2020 02:30,4135001,1BY6WEcLGh8j5v7,0.0,0.0,0.0,6259559.0,11,0,;;;;;;;;;;
233,15-05-2020 02:45,4135001,1BY6WEcLGh8j5v7,0.0,0.0,0.0,6259559.0,12,0,;;;;;;;;;;
254,15-05-2020 03:00,4135001,1BY6WEcLGh8j5v7,0.0,0.0,0.0,6259559.0,13,0,;;;;;;;;;;
275,15-05-2020 03:15,4135001,1BY6WEcLGh8j5v7,0.0,0.0,0.0,6259559.0,14,0,;;;;;;;;;;
296,15-05-2020 03:30,4135001,1BY6WEcLGh8j5v7,0.0,0.0,0.0,6259559.0,15,0,;;;;;;;;;;
317,15-05-2020 03:45,4135001,1BY6WEcLGh8j5v7,0.0,0.0,0.0,6259559.0,16,0,;;;;;;;;;;
338,15-05-2020 04:00,4135001,1BY6WEcLGh8j5v7,0.0,0.0,0.0,6259559.0,17,0,;;;;;;;;;;
359,15-05-2020 04:15,4135001,1BY6WEcLGh8j5v7,0.0,0.0,0.0,6259559.0,18,0,;;;;;;;;;;
381,15-05-2020 04:30,4135001,1BY6WEcLGh8j5v7,0.0,0.0,0.0,6259559.0,19,0,;;;;;;;;;;
403,15-05-2020 04:45,4135001,1BY6WEcLGh8j5v7,0.0,0.0,0.0,6259559.0,20,0,;;;;;;;;;;
425,15-05-2020 05:00,4135001,1BY6WEcLGh8j5v7,0.0,0.0,0.0,6259559.0,21,0,;;;;;;;;;;
447,15-05-2020 05:15,4135001,1BY6WEcLGh8j5v7,0.0,0.0,0.0,6259559.0,22,0,;;;;;;;;;;
468,15-05-2020 05:30,4135001,1BY6WEcLGh8j5v7,0.0,0.0,0.0,6259559.0,23,0,;;;;;;;;;;
489,15-05-2020 05:45,4135001,1BY6WEcLGh8j5v7,0.0,0.0,0.0,6259559.0,24,0.0008627212413333332,;;;;;;;;;;
510,15-05-2020 06:00,4135001,1BY6WEcLGh8j5v7,37.14285714,3.585714286,0.0,6259559.0,25,0.0058869571866666665,;;;;;;;;;;
531,15-05-2020 06:15,4135001,1BY6WEcLGh8j5v7,278.0,26.8625,2.625,6259561.625,26,0.022281607466666669,;;;;;;;;;;
552,15-05-2020 06:30,4135001,1BY6WEcLGh8j5v7,626.5714286,60.68571429,13.28571429,6259572.286,27,0.049409723866666665,;;;;;;;;;;
574,15-05-2020 06:45,4135001,1BY6WEcLGh8j5v7,1224.75,119.275,34.875,6259593.875,28,0.0953944536,;;;;;;;;;;
596,15-05-2020 07:00,4135001,1BY6WEcLGh8j5v7,1734.571429,170.0142857,72.71428571,6259631.714,29,0.1419404433333333,;;;;;;;;;;
618,15-05-2020 07:15,4135001,1BY6WEcLGh8j5v7,1856.375,181.9375,116.25,6259675.25,30,0.15471267571428568,;;;;;;;;;;
640,15-05-2020 07:30,4135001,1BY6WEcLGh8j5v7,1842.285714,180.5857143,162.4285714,6259721.429,31,0.14879915333333332,;;;;;;;;;;
662,15-05-2020 07:45,4135001,1BY6WEcLGh8j5v7,1877.875,184.0625,206.375,6259765.375,32,0.14479341893333331,;;;;;;;;;;
684,15-05-2020 08:00,4135001,1BY6WEcLGh8j5v7,3246.0,318.6714286,263.5714286,6259822.571,33,0.20163862133333332,;;;;;;;;;;
706,15-05-2020 08:15,4135001,1BY6WEcLGh8j5v7,3917.5,384.8375,359.875,6259918.875,34,0.34570765333333331,;;;;;;;;;;
728,15-05-2020 08:30,4135001,1BY6WEcLGh8j5v7,4322.0,424.1285714,464.0,6260023.0,35,0.40534857266666663,;;;;;;;;;;
750,15-05-2020 08:45,4135001,1BY6WEcLGh8j5v7,4257.125,417.7875,556.125,6260115.125,36,0.31242679533333328,;;;;;;;;;;
772,15-05-2020 09:00,4135001,1BY6WEcLGh8j5v7,5706.714286,559.2285714,688.8571429,6260247.857,37,0.62315264866666664,;;;;;;;;;;
794,15-05-2020 09:15,4135001,1BY6WEcLGh8j5v7,4015.5,394.0125,811.625,6260370.625,38,0.34488403571428572,;;;;;;;;;;
816,15-05-2020 09:30,4135001,1BY6WEcLGh8j5v7,3219.285714,315.8857143,886.5714286,6260445.571,39,0.2492484,;;;;;;;;;;
838,15-05-2020 09:45,4135001,1BY6WEcLGh8j5v7,6454.428571,632.3428571,991.4285714,6260550.429,40,0.54120597733333342,;;;;;;;;;;
860,15-05-2020 10:00,4135001,1BY6WEcLGh8j5v7,6008.375,588.775,1161.25,6260720.25,41,0.670675372,;;;;;;;;;;
882,15-05-2020 10:15,4135001,1BY6WEcLGh8j5v7,6637.285714,650.0285714,1307.571429,6260866.571,42,0.57228347666666668,;;;;;;;;;;
904,15-05-2020 10:30,4135001,1BY6WEcLGh8j5v7,4399.75,431.875,1440.0,6260999.0,43,0.45514838333333335,;;;;;;;;;;
926,15-05-2020 10:45,4135001,1BY6WEcLGh8j5v7,4360.571429,428.2285714,1549.0,6261108.0,44,0.36196165399999997,;;;;;;;;;;
948,15-05-2020 11:00,4135001,1BY6WEcLGh8j5v7,6829.5,668.725,1693.0,6261252.0,45,0.63656088133333322,;;;;;;;;;;
970,15-05-2020 11:15,4135001,1BY6WEcLGh8j5v7,5969.0,584.7857143,1843.714286,6261402.714,46,0.5857872135714286,;;;;;;;;;;
992,15-05-2020 11:30,4135001,1BY6WEcLGh8j5v7,6226.125,609.8625,1994.5,6261553.5,47,0.55706938333333333,;;;;;;;;;;
1014,15-05-2020 11:45,4135001,1BY6WEcLGh8j5v7,9420.285714,920.0428571,2155.0,6261714.0,48,0.46798686933333333,;;;;;;;;;;
1036,15-05-2020 12:00,4135001,1BY6WEcLGh8j5v7,8232.5,805.1875,2382.875,6261941.875,49,0.51496258666666672,;;;;;;;;;;
1058,15-05-2020 12:15,4135001,1BY6WEcLGh8j5v7,10546.57143,1030.285714,2614.571429,6262173.571,50,0.78786602866666666,;;;;;;;;;;
1080,15-05-2020 12:30,4135001,1BY6WEcLGh8j5v7,8517.0,832.9625,2860.0,6262419.0,51,0.64924762933333335,;;;;;;;;;;
1102,15-05-2020 12:45,4135001,1BY6WEcLGh8j5v7,8006.285714,783.5571429,3062.0,6262621.0,52,0.76124331200000006,;;;;;;;;;;
1124,15-05-2020 13:00,4135001,1BY6WEcLGh8j5v7,6089.375,596.5625,3223.25,6262782.25,53,0.41603510142857147,;;;;;;;;;;
1146,15-05-2020 13:15,4135001,1BY6WEcLGh8j5v7,6359.714286,623.0428571,3384.857143,6262943.857,54,0.48924394600000004,;;;;;;;;;;
1168,15-05-2020 13:30,4135001,1BY6WEcLGh8j5v7,7588.0,742.9142857,3543.0,6263102.0,55,0.57456122400000009,;;;;;;;;;;
1190,15-05-2020 13:45,4135001,1BY6WEcLGh8j5v7,7471.375,731.5,3726.875,6263285.875,56,0.560985624,;;;;;;;;;;
1212,15-05-2020 14:00,4135001,1BY6WEcLGh8j5v7,9555.0,934.4714286,3936.714286,6263495.714,57,0.7350834633333333,;;;;;;;;;;
1234,15-05-2020 14:15,4135001,1BY6WEcLGh8j5v7,10642.75,1039.35,4191.0,6263750.0,58,0.89366149133333339,;;;;;;;;;;
1256,15-05-2020 14:30,4135001,1BY6WEcLGh8j5v7,5429.857143,532.2285714,4398.142857,6263957.143,59,0.46678882400000005,;;;;;;;;;;
1278,15-05-2020 14:45,4135001,1BY6WEcLGh8j5v7,6742.25,659.875,4528.5,6264087.5,60,0.54213849571428574,;;;;;;;;;;
1300,15-05-2020 15:00,4135001,1BY6WEcLGh8j5v7,5920.428571,580.2571429,4697.714286,6264256.714,61,0.39888854333333335,;;;;;;;;;;
1322,15-05-2020 15:15,4135001,1BY6WEcLGh8j5v7,6339.375,620.9875,4840.25,6264399.25,62,0.44729214866666667,;;;;;;;;;;
1344,15-05-2020 15:30,4135001,1BY6WEcLGh8j5v7,6510.0,637.7,5016.142857,6264575.143,63,0.56519639733333327,;;;;;;;;;;
1366,15-05-2020 15:45,4135001,1BY6WEcLGh8j5v7,4694.5,460.0375,5137.75,6264696.75,64,0.34623069333333334,;;;;;;;;;;
1388,15-05-2020 16:00,4135001,1BY6WEcLGh8j5v7,4551.142857,446.5714286,5275.285714,6264834.286,65,0.35818236999999997,;;;;;;;;;;
1410,15-05-2020 16:15,4135001,1BY6WEcLGh8j5v7,4081.25,400.725,5369.125,6264928.125,66,0.32889611933333329,;;;;;;;;;;
1432,15-05-2020 16:30,4135001,1BY6WEcLGh8j5v7,4338.285714,426.0142857,5477.714286,6265036.714,67,0.34495419600000005,;;;;;;;;;;
1454,15-05-2020 16:45,4135001,1BY6WEcLGh8j5v7,3259.625,320.1125,5571.75,6265130.75,68,0.26034675800000007,;;;;;;;;;;
1476,15-05-2020 17:00,4135001,1BY6WEcLGh8j5v7,2067.857143,202.6857143,5637.142857,6265196.143,69,0.16681274142857141,;;;;;;;;;;
1498,15-05-2020 17:15,4135001,1BY6WEcLGh8j5v7,2011.375,197.1875,5687.75,6265246.75,70,0.17389863733333336,;;;;;;;;;;
1520,15-05-2020 17:30,4135001,1BY6WEcLGh8j5v7,1091.0,106.0666667,5719.0,6265278.0,71,0.08716189,;;;;;;;;;;
1542,15-05-2020 17:45,4135001,1BY6WEcLGh8j5v7,485.875,47.0125,5739.75,6265298.75,72,0.0384030336,;;;;;;;;;;
1564,15-05-2020 18:00,4135001,1BY6WEcLGh8j5v7,264.0,25.48571429,5749.285714,6265308.286,73,0.02254493642857143,;;;;;;;;;;
1586,15-05-2020 18:15,4135001,1BY6WEcLGh8j5v7,78.28571429,7.542857143,5753.142857,6265312.143,74,0.00914994484,;;;;;;;;;;
1608,15-05-2020 18:30,4135001,1BY6WEcLGh8j5v7,0.0,0.0,5754.0,6265313.0,75,0.0018410245440000001,;;;;;;;;;;
1630,15-05-2020 18:45,4135001,1BY6WEcLGh8j5v7,0.0,0.0,5754.0,6265313.0,76,0,;;;;;;;;;;
1652,15-05-2020 19:00,4135001,1BY6WEcLGh8j5v7,0.0,0.0,5754.0,6265313.0,77,0,;;;;;;;;;;
1666,15-05-2020 19:15,4135001,1BY6WEcLGh8j5v7,0.0,0.0,5754.0,6265313.0,78,0,;;;;;;;;;;
1680,15-05-2020 19:30,4135001,1BY6WEcLGh8j5v7,0.0,0.0,5754.0,6265313.0,79,0.00012538276000000003,;;;;;;;;;;
1694,15-05-2020 19:45,4135001,1BY6WEcLGh8j5v7,0.0,0.0,5754.0,6265313.0,80,0.000100219904,;;;;;;;;;;
1708,15-05-2020 20:00,4135001,1BY6WEcLGh8j5v7,0.0,0.0,5754.0,6265313.0,81,0,;;;;;;;;;;
1722,15-05-2020 20:15,4135001,1BY6WEcLGh8j5v7,0.0,0.0,5754.0,6265313.0,82,0,;;;;;;;;;;
1736,15-05-2020 20:30,4135001,1BY6WEcLGh8j5v7,0.0,0.0,5754.0,6265313.0,83,0,;;;;;;;;;;
1750,15-05-2020 20:45,4135001,1BY6WEcLGh8j5v7,0.0,0.0,5754.0,6265313.0,84,0,;;;;;;;;;;
1764,15-05-2020 21:00,4135001,1BY6WEcLGh8j5v7,0.0,0.0,5754.0,6265313.0,85,0,;;;;;;;;;;
1778,15-05-2020 21:15,4135001,1BY6WEcLGh8j5v7,0.0,0.0,5754.0,6265313.0,86,0,;;;;;;;;;;
1800,15-05-2020 21:30,4135001,1BY6WEcLGh8j5v7,0.0,0.0,5754.0,6265313.0,87,0,;;;;;;;;;;
1822,15-05-2020 21:45,4135001,1BY6WEcLGh8j5v7,0.0,0.0,5754.0,6265313.0,88,0,;;;;;;;;;;
1844,15-05-2020 22:00,4135001,1BY6WEcLGh8j5v7,0.0,0.0,5754.0,6265313.0,89,0,;;;;;;;;;;
1866,15-05-2020 22:15,4135001,1BY6WEcLGh8j5v7,0.0,0.0,5754.0,6265313.0,90,0,;;;;;;;;;;
1888,15-05-2020 22:30,4135001,1BY6WEcLGh8j5v7,0.0,0.0,5754.0,6265313.0,91,0,;;;;;;;;;;
1910,15-05-2020 22:45,4135001,1BY6WEcLGh8j5v7,0.0,0.0,5754.0,6265313.0,92,0,;;;;;;;;;;
1932,15-05-2020 23:00,4135001,1BY6WEcLGh8j5v7,0.0,0.0,5754.0,6265313.0,93,0,;;;;;;;;;;
1954,16-05-2020 02:00,4135001,1BY6WEcLGh8j5v7,0.0,0.0,0.0,6265313.0,94,0,;;;;;;;;;;
1974,16-05-2020 02:15,4135001,1BY6WEcLGh8j5v7,0.0,0.0,0.0,6265313.0,95,0,;;;;;;;;;;
1996,16-05-2020 02:30,4135001,1BY6WEcLGh8j5v7,0.0,0.0,0.0,6265313.0,96,0,;;;;;;;;;;
2018,16-05-2020 02:45,4135001,1BY6WEcLGh8j5v7,0.0,0.0,0.0,6265313.0,97,0,;;;;;;;;;;
2040,16-05-2020 03:00,4135001,1BY6WEcLGh8j5v7,0.0,0.0,0.0,6265313.0,98,0,;;;;;;;;;;
2062,16-05-2020 03:15,4135001,1BY6WEcLGh8j5v7,0.0,0.0,0.0,6265313.0,99,0,;;;;;;;;;;
2084,16-05-2020 03:30,4135001,1BY6WEcLGh8j5v7,0.0,0.0,0.0,6265313.0,100,0,;;;;;;;;;;
2106,16-05-2020 03:45,4135001,1BY6WEcLGh8j5v7,0.0,0.0,0.0,6265313.0,101,0,;;;;;;;;;;
2128,16-05-2020 04:00,4135001,1BY6WEcLGh8j5v7,0.0,0.0,0.0,6265313.0,102,0,;;;;;;;;;;
2150,16-05-2020 04:15,4135001,1BY6WEcLGh8j5v7,0.0,0.0,0.0,6265313.0,103,0,;;;;;;;;;;
2172,16-05-2020 04:30,4135001,1BY6WEcLGh8j5v7,0.0,0.0,0.0,6265313.0,104,0,;;;;;;;;;;
2194,16-05-2020 04:45,4135001,1BY6WEcLGh8j5v7,0.0,0.0,0.0,6265313.0,105,0,;;;;;;;;;;
2216,16-05-2020 05:00,4135001,1BY6WEcLGh8j5v7,0.0,0.0,0.0,6265313.0,106,0,;;;;;;;;;;
2238,16-05-2020 05:15,4135001,1BY6WEcLGh8j5v7,0.0,0.0,0.0,6265313.0,107,0,;;;;;;;;;;
2260,16-05-2020 05:30,4135001,1BY6WEcLGh8j5v7,0.0,0.0,0.0,6265313.0,108,0,;;;;;;;;;;
2282,16-05-2020 05:45,4135001,1BY6WEcLGh8j5v7,0.0,0.0,0.0,6265313.0,109,0.00014716946420000003,;;;;;;;;;;
2304,16-05-2020 06:00,4135001,1BY6WEcLGh8j5v7,49.28571429,4.757142857,0.0,6265313.0,110,0.0062059593785714282,;;;;;;;;;;
2326,16-05-2020 06:15,4135001,1BY6WEcLGh8j5v7,309.0,29.8625,3.875,6265316.875,111,0.023633736866666664,;;;;;;;;;;
2348,16-05-2020 06:30,4135001,1BY6WEcLGh8j5v7,651.7142857,63.12857143,15.14285714,6265328.143,112,0.04951496813333333,;;;;;;;;;;
2370,16-05-2020 06:45,4135001,1BY6WEcLGh8j5v7,1054.375,102.475,36.125,6265349.125,113,0.079269643466666664,;;;;;;;;;;
2392,16-05-2020 07:00,4135001,1BY6WEcLGh8j5v7,1458.571429,142.2857143,66.28571429,6265379.286,114,0.10903796833333335,;;;;;;;;;;
2414,16-05-2020 07:15,4135001,1BY6WEcLGh8j5v7,1852.625,181.6,106.375,6265419.375,115,0.13811545166666667,;;;;;;;;;;
2436,16-05-2020 07:30,4135001,1BY6WEcLGh8j5v7,2322.142857,227.7,157.4285714,6265470.429,116,0.17411752466666666,;;;;;;;;;;
2458,16-05-2020 07:45,4135001,1BY6WEcLGh8j5v7,3222.0,316.5,223.625,6265536.625,117,0.24364280571428573,;;;;;;;;;;
2480,16-05-2020 08:00,4135001,1BY6WEcLGh8j5v7,3960.0,389.1142857,315.2857143,6265628.286,118,0.2980529893333333,;;;;;;;;;;
2502,16-05-2020 08:15,4135001,1BY6WEcLGh8j5v7,4544.5,446.125,420.0,6265733.0,119,0.3386504113333334,;;;;;;;;;;
2524,16-05-2020 08:30,4135001,1BY6WEcLGh8j5v7,5652.0,553.9,542.1428571,6265855.143,120,0.4275489526666667,;;;;;;;;;;
2546,16-05-2020 08:45,4135001,1BY6WEcLGh8j5v7,6135.75,601.1875,689.25,6266002.25,121,0.47008148533333333,;;;;;;;;;;
2568,16-05-2020 09:00,4135001,1BY6WEcLGh8j5v7,5922.0,580.2714286,838.1428571,6266151.143,122,0.46118576866666666,;;;;;;;;;;
2590,16-05-2020 09:15,4135001,1BY6WEcLGh8j5v7,5344.571429,524.0571429,962.0,6266275.0,123,0.41958991000000007,;;;;;;;;;;
2612,16-05-2020 09:30,4135001,1BY6WEcLGh8j5v7,5574.875,546.3875,1099.0,6266412.0,124,0.420493884,;;;;;;;;;;
2634,16-05-2020 09:45,4135001,1BY6WEcLGh8j5v7,6790.285714,665.0571429,1247.142857,6266560.143,125,0.54059367866666652,;;;;;;;;;;
2656,16-05-2020 10:00,4135001,1BY6WEcLGh8j5v7,8004.75,783.4875,1437.25,6266750.25,126,0.49145302200000007,;;;;;;;;;;
2678,16-05-2020 10:15,4135001,1BY6WEcLGh8j5v7,7432.0,727.6142857,1618.857143,6266931.857,127,0.46972883071428578,;;;;;;;;;;
2700,16-05-2020 10:30,4135001,1BY6WEcLGh8j5v7,9595.875,938.45,1826.125,6267139.125,128,0.654436842,;;;;;;;;;;
2722,16-05-2020 10:45,4135001,1BY6WEcLGh8j5v7,8451.0,826.7571429,2066.285714,6267379.286,129,0.59552137466666666,;;;;;;;;;;
2744,16-05-2020 11:00,4135001,1BY6WEcLGh8j5v7,8442.25,826.1375,2264.5,6267577.5,130,0.57526389666666666,;;;;;;;;;;
2766,16-05-2020 11:15,4135001,1BY6WEcLGh8j5v7,7019.714286,687.3714286,2457.428571,6267770.429,131,0.54237487466666667,;;;;;;;;;;
2788,16-05-2020 11:30,4135001,1BY6WEcLGh8j5v7,7335.25,718.15,2639.0,6267952.0,132,0.49343055333333335,;;;;;;;;;;
2810,16-05-2020 11:45,4135001,1BY6WEcLGh8j5v7,9031.857143,883.5285714,2832.142857,6268145.143,133,0.62278731,;;;;;;;;;;
2832,16-05-2020 12:00,4135001,1BY6WEcLGh8j5v7,8473.875,829.2125,3048.5,6268361.5,134,0.66200430199999993,;;;;;;;;;;
2854,16-05-2020 12:15,4135001,1BY6WEcLGh8j5v7,6788.571429,664.8714286,3237.571429,6268550.571,135,0.54042512857142866,;;;;;;;;;;
2876,16-05-2020 12:30,4135001,1BY6WEcLGh8j5v7,10307.0,1007.65,3450.125,6268763.125,136,0.76711941,;;;;;;;;;;
2898,16-05-2020 12:45,4135001,1BY6WEcLGh8j5v7,11209.0,1095.285714,3711.857143,6269024.857,137,0.8122406413333334,;;;;;;;;;;
2920,16-05-2020 13:00,4135001,1BY6WEcLGh8j5v7,9043.625,884.5875,3956.625,6269269.625,138,0.636164586,;;;;;;;;;;
2942,16-05-2020 13:15,4135001,1BY6WEcLGh8j5v7,10393.42857,1016.014286,4195.0,6269508.0,139,0.73324359866666677,;;;;;;;;;;
2964,16-05-2020 13:30,4135001,1BY6WEcLGh8j5v7,9071.142857,887.3428571,4425.142857,6269738.143,140,0.58386473866666677,;;;;;;;;;;
2986,16-05-2020 13:45,4135001,1BY6WEcLGh8j5v7,6833.625,669.1625,4612.5,6269925.5,141,0.50239248399999992,;;;;;;;;;;
3008,16-05-2020 14:00,4135001,1BY6WEcLGh8j5v7,6122.571429,599.8142857,4787.285714,6270100.286,142,0.435684946,;;;;;;;;;;
3030,16-05-2020 14:15,4135001,1BY6WEcLGh8j5v7,7788.625,762.4125,4947.5,6270260.5,143,0.59597713733333324,;;;;;;;;;;
3052,16-05-2020 14:30,4135001,1BY6WEcLGh8j5v7,6779.285714,663.9714286,5136.0,6270449.0,144,0.53450098642857147,;;;;;;;;;;
3074,16-05-2020 14:45,4135001,1BY6WEcLGh8j5v7,6980.125,683.6,5305.625,6270618.625,145,0.51496440666666665,;;;;;;;;;;
3096,16-05-2020 15:00,4135001,1BY6WEcLGh8j5v7,6886.571429,674.4571429,5473.857143,6270786.857,146,0.50362638266666659,;;;;;;;;;;
3118,16-05-2020 15:15,4135001,1BY6WEcLGh8j5v7,5465.375,535.75,5629.125,6270942.125,147,0.419735824,;;;;;;;;;;
3140,16-05-2020 15:30,4135001,1BY6WEcLGh8j5v7,4726.571429,463.8285714,5757.571429,6271070.571,148,0.34996235800000008,;;;;;;;;;;
3162,16-05-2020 15:45,4135001,1BY6WEcLGh8j5v7,3639.625,357.725,5858.75,6271171.75,149,0.261408532,;;;;;;;;;;
3184,16-05-2020 16:00,4135001,1BY6WEcLGh8j5v7,3143.285714,308.8571429,5942.285714,6271255.286,150,0.22768125266666667,;;;;;;;;;;
3206,16-05-2020 16:15,4135001,1BY6WEcLGh8j5v7,2653.125,260.1875,6012.5,6271325.5,151,0.191869824,;;;;;;;;;;
3228,16-05-2020 16:30,4135001,1BY6WEcLGh8j5v7,2414.571429,236.7571429,6075.0,6271388.0,152,0.17559698357142858,;;;;;;;;;;
3250,16-05-2020 16:45,4135001,1BY6WEcLGh8j5v7,2080.25,203.9375,6129.75,6271442.75,153,0.150128168,;;;;;;;;;;
3272,16-05-2020 17:00,4135001,1BY6WEcLGh8j5v7,1837.0,180.0571429,6179.0,6271492.0,154,0.13374320773333334,;;;;;;;;;;
3294,16-05-2020 17:15,4135001,1BY6WEcLGh8j5v7,1515.714286,148.0285714,6217.0,6271530.0,155,0.10905360300000001,;;;;;;;;;;
3316,16-05-2020 17:30,4135001,1BY6WEcLGh8j5v7,1112.75,108.175,6250.25,6271563.25,156,0.079587311133333338,;;;;;;;;;;
3338,16-05-2020 17:45,4135001,1BY6WEcLGh8j5v7,714.0,69.2,6272.571429,6271585.571,157,0.050450763666666662,;;;;;;;;;;
3360,16-05-2020 18:00,4135001,1BY6WEcLGh8j5v7,373.625,36.1,6285.5,6271598.5,158,0.026212863333333336,;;;;;;;;;;
3382,16-05-2020 18:15,4135001,1BY6WEcLGh8j5v7,120.1428571,11.6,6291.428571,6271604.429,159,0.0088122812133333336,;;;;;;;;;;
3404,16-05-2020 18:30,4135001,1BY6WEcLGh8j5v7,0.0,0.0,6292.0,6271605.0,160,0.00035944967324000006,;;;;;;;;;;
3426,16-05-2020 18:45,4135001,1BY6WEcLGh8j5v7,0.0,0.0,6292.0,6271605.0,161,0,;;;;;;;;;;
3448,16-05-2020 19:00,4135001,1BY6WEcLGh8j5v7,0.0,0.0,6292.0,6271605.0,162,0,;;;;;;;;;;
3470,16-05-2020 19:15,4135001,1BY6WEcLGh8j5v7,0.0,0.0,6292.0,6271605.0,163,0,;;;;;;;;;;
3492,16-05-2020 19:30,4135001,1BY6WEcLGh8j5v7,0.0,0.0,6292.0,6271605.0,164,0,;;;;;;;;;;
3514,16-05-2020 19:45,4135001,1BY6WEcLGh8j5v7,0.0,0.0,6292.0,6271605.0,165,0,;;;;;;;;;;
3536,16-05-2020 20:00,4135001,1BY6WEcLGh8j5v7,0.0,0.0,6292.0,6271605.0,166,0,;;;;;;;;;;
3558,16-05-2020 20:15,4135001,1BY6WEcLGh8j5v7,0.0,0.0,6292.0,6271605.0,167,0,;;;;;;;;;;
3580,16-05-2020 20:30,4135001,1BY6WEcLGh8j5v7,0.0,0.0,6292.0,6271605.0,168,0,;;;;;;;;;;
3602,16-05-2020 20:45,4135001,1BY6WEcLGh8j5v7,0.0,0.0,6292.0,6271605.0,169,0,;;;;;;;;;;
3624,16-05-2020 21:00,4135001,1BY6WEcLGh8j5v7,0.0,0.0,6292.0,6271605.0,170,0,;;;;;;;;;;
3646,16-05-2020 21:15,4135001,1BY6WEcLGh8j5v7,0.0,0.0,6292.0,6271605.0,171,0,;;;;;;;;;;
3668,16-05-2020 21:30,4135001,1BY6WEcLGh8j5v7,0.0,0.0,6292.0,6271605.0,172,0,;;;;;;;;;;
3690,16-05-2020 21:45,4135001,1BY6WEcLGh8j5v7,0.0,0.0,6292.0,6271605.0,173,0,;;;;;;;;;;
3712,16-05-2020 22:00,4135001,1BY6WEcLGh8j5v7,0.0,0.0,6292.0,6271605.0,174,0,;;;;;;;;;;
3734,16-05-2020 22:15,4135001,1BY6WEcLGh8j5v7,0.0,0.0,6292.0,6271605.0,175,0,;;;;;;;;;;
3756,16-05-2020 22:30,4135001,1BY6WEcLGh8j5v7,0.0,0.0,6292.0,6271605.0,176,0,;;;;;;;;;;
3778,16-05-2020 22:45,4135001,1BY6WEcLGh8j5v7,0.0,0.0,6292.0,6271605.0,177,0,;;;;;;;;;;
3800,16-05-2020 23:00,4135001,1BY6WEcLGh8j5v7,0.0,0.0,6292.0,6271605.0,178,0,;;;;;;;;;;
3822,16-05-2020 23:15,4135001,1BY6WEcLGh8j5v7,0.0,0.0,6292.0,6271605.0,179,0,;;;;;;;;;;
3844,16-05-2020 23:30,4135001,1BY6WEcLGh8j5v7,0.0,0.0,6292.0,6271605.0,180,0,;;;;;;;;;;
3866,16-05-2020 23:45,4135001,1BY6WEcLGh8j5v7,0.0,0.0,6292.0,6271605.0,181,0,;;;;;;;;;;
3888,17-05-2020 00:00,4135001,1BY6WEcLGh8j5v7,0.0,0.0,0.0,6271605.0,182,0,;;;;;;;;;;
3910,17-05-2020 00:15,4135001,1BY6WEcLGh8j5v7,0.0,0.0,0.0,6271605.0,183,0,;;;;;;;;;;
3932,17-05-2020 00:30,4135001,1BY6WEcLGh8j5v7,0.0,0.0,0.0,6271605.0,184,0,;;;;;;;;;;
3954,17-05-2020 00:45,4135001,1BY6WEcLGh8j5v7,0.0,0.0,0.0,6271605.0,185,0,;;;;;;;;;;
3976,17-05-2020 01:00,4135001,1BY6WEcLGh8j5v7,0.0,0.0,0.0,6271605.0,186,0,;;;;;;;;;;
3998,17-05-2020 01:15,4135001,1BY6WEcLGh8j5v7,0.0,0.0,0.0,6271605.0,187,0,;;;;;;;;;;
4020,17-05-2020 01:30,4135001,1BY6WEcLGh8j5v7,0.0,0.0,0.0,6271605.0,188,0,;;;;;;;;;;
4042,17-05-2020 01:45,4135001,1BY6WEcLGh8j5v7,0.0,0.0,0.0,6271605.0,189,0,;;;;;;;;;;
4064,17-05-2020 02:00,4135001,1BY6WEcLGh8j5v7,0.0,0.0,0.0,6271605.0,190,0,;;;;;;;;;;
4086,17-05-2020 02:15,4135001,1BY6WEcLGh8j5v7,0.0,0.0,0.0,6271605.0,191,0,;;;;;;;;;;
4108,17-05-2020 02:30,4135001,1BY6WEcLGh8j5v7,0.0,0.0,0.0,6271605.0,192,0,;;;;;;;;;;
4130,17-05-2020 02:45,4135001,1BY6WEcLGh8j5v7,0.0,0.0,0.0,6271605.0,193,0,;;;;;;;;;;
4152,17-05-2020 03:00,4135001,1BY6WEcLGh8j5v7,0.0,0.0,0.0,6271605.0,194,0,;;;;;;;;;;
4174,17-05-2020 03:15,4135001,1BY6WEcLGh8j5v7,0.0,0.0,0.0,6271605.0,195,0,;;;;;;;;;;
4196,17-05-2020 03:30,4135001,1BY6WEcLGh8j5v7,0.0,0.0,0.0,6271605.0,196,0,;;;;;;;;;;
4218,17-05-2020 03:45,4135001,1BY6WEcLGh8j5v7,0.0,0.0,0.0,6271605.0,197,0,;;;;;;;;;;
4240,17-05-2020 04:00,4135001,1BY6WEcLGh8j5v7,0.0,0.0,0.0,6271605.0,198,0,;;;;;;;;;;
4262,17-05-2020 04:15,4135001,1BY6WEcLGh8j5v7,0.0,0.0,0.0,6271605.0,199,0,;;;;;;;;;;
4284,17-05-2020 04:30,4135001,1BY6WEcLGh8j5v7,0.0,0.0,0.0,6271605.0,200,0,;;;;;;;;;;
4306,17-05-2020 04:45,4135001,1BY6WEcLGh8j5v7,0.0,0.0,0.0,6271605.0,201,0,;;;;;;;;;;
4328,17-05-2020 05:00,4135001,1BY6WEcLGh8j5v7,0.0,0.0,0.0,6271605.0,202,0,;;;;;;;;;;
4350,17-05-2020 05:15,4135001,1BY6WEcLGh8j5v7,0.0,0.0,0.0,6271605.0,203,0,;;;;;;;;;;
4372,17-05-2020 05:30,4135001,1BY6WEcLGh8j5v7,0.0,0.0,0.0,6271605.0,204,0,;;;;;;;;;;
4394,17-05-2020 05:45,4135001,1BY6WEcLGh8j5v7,0.0,0.0,0.0,6271605.0,205,0.00033345488200000006,;;;;;;;;;;
4416,17-05-2020 06:00,4135001,1BY6WEcLGh8j5v7,0.0,0.0,0.0,6271605.0,206,0.00478462602,;;;;;;;;;;
4438,17-05-2020 06:15,4135001,1BY6WEcLGh8j5v7,107.75,10.4,1.25,6271606.25,207,0.012349707533333334,;;;;;;;;;;
4460,17-05-2020 06:30,4135001,1BY6WEcLGh8j5v7,404.0,39.08571429,7.142857143,6271612.143,208,0.034180881400000009,;;;;;;;;;;
4482,17-05-2020 06:45,4135001,1BY6WEcLGh8j5v7,806.5,78.2625,21.125,6271626.125,209,0.0679046076,;;;;;;;;;;
4504,17-05-2020 07:00,4135001,1BY6WEcLGh8j5v7,1285.714286,125.0714286,46.28571429,6271651.286,210,0.10699605593333333,;;;;;;;;;;
4526,17-05-2020 07:15,4135001,1BY6WEcLGh8j5v7,2299.5,225.45,90.25,6271695.25,211,0.19643339666666668,;;;;;;;;;;
4548,17-05-2020 07:30,4135001,1BY6WEcLGh8j5v7,2690.571429,264.1714286,148.7142857,6271753.714,212,0.22192249214285714,;;;;;;;;;;
4570,17-05-2020 07:45,4135001,1BY6WEcLGh8j5v7,4089.25,401.4875,234.0,6271839.0,213,0.32246475466666663,;;;;;;;;;;
4592,17-05-2020 08:00,4135001,1BY6WEcLGh8j5v7,4942.285714,484.5571429,349.4285714,6271954.429,214,0.37870241199999993,;;;;;;;;;;
4614,17-05-2020 08:15,4135001,1BY6WEcLGh8j5v7,4916.5,482.1,469.375,6272074.375,215,0.38355026933333336,;;;;;;;;;;
4636,17-05-2020 08:30,4135001,1BY6WEcLGh8j5v7,5129.714286,502.9428571,588.5714286,6272193.571,216,0.41697534666666669,;;;;;;;;;;
4658,17-05-2020 08:45,4135001,1BY6WEcLGh8j5v7,7185.5,703.6125,738.875,6272343.875,217,0.56181163200000006,;;;;;;;;;;
4680,17-05-2020 09:00,4135001,1BY6WEcLGh8j5v7,6370.571429,624.1142857,919.1428571,6272524.143,218,0.57608445933333341,;;;;;;;;;;
4702,17-05-2020 09:15,4135001,1BY6WEcLGh8j5v7,6686.5,654.9125,1060.875,6272665.875,219,0.4417064292857143,;;;;;;;;;;
4724,17-05-2020 09:30,4135001,1BY6WEcLGh8j5v7,7851.285714,768.5,1252.714286,6272857.714,220,0.626964662,;;;;;;;;;;
4746,17-05-2020 09:45,4135001,1BY6WEcLGh8j5v7,9423.0,921.6428571,1448.571429,6273053.571,221,0.77235807133333323,;;;;;;;;;;
4768,17-05-2020 10:00,4135001,1BY6WEcLGh8j5v7,9109.875,891.125,1679.375,6273284.375,222,0.75353744466666672,;;;;;;;;;;
4790,17-05-2020 10:15,4135001,1BY6WEcLGh8j5v7,9028.142857,883.1857143,1888.714286,6273493.714,223,0.71754516866666662,;;;;;;;;;;
4812,17-05-2020 10:30,4135001,1BY6WEcLGh8j5v7,10591.75,1034.7125,2128.25,6273733.25,224,0.685881602,;;;;;;;;;;
4834,17-05-2020 10:45,4135001,1BY6WEcLGh8j5v7,11416.42857,1114.814286,2397.714286,6274002.714,225,0.85510907533333347,;;;;;;;;;;
4856,17-05-2020 11:00,4135001,1BY6WEcLGh8j5v7,10873.0,1061.1125,2663.5,6274268.5,226,0.81238905266666661,;;;;;;;;;;
4878,17-05-2020 11:15,4135001,1BY6WEcLGh8j5v7,10160.14286,991.8285714,2945.142857,6274550.143,227,0.997903636,;;;;;;;;;;
4900,17-05-2020 11:30,4135001,1BY6WEcLGh8j5v7,11116.75,1085.0125,3217.5,6274822.5,228,0.97745754000000007,;;;;;;;;;;
4922,17-05-2020 11:45,4135001,1BY6WEcLGh8j5v7,9632.571429,940.7142857,3483.0,6275088.0,229,0.86990895600000007,;;;;;;;;;;
4944,17-05-2020 12:00,4135001,1BY6WEcLGh8j5v7,5715.125,560.1125,3653.375,6275258.375,230,0.635450962,;;;;;;;;;;
4966,17-05-2020 12:15,4135001,1BY6WEcLGh8j5v7,10496.14286,1025.042857,3836.857143,6275441.857,231,0.78358938866666672,;;;;;;;;;;
4988,17-05-2020 12:30,4135001,1BY6WEcLGh8j5v7,6903.5,675.25,4067.0,6275672.0,232,0.66967051266666677,;;;;;;;;;;
5010,17-05-2020 12:45,4135001,1BY6WEcLGh8j5v7,10640.14286,1038.528571,4279.142857,6275884.143,233,0.83712435266666674,;;;;;;;;;;
5032,17-05-2020 13:00,4135001,1BY6WEcLGh8j5v7,7081.5,692.2125,4515.0,6276120.0,234,0.4224988753333333,;;;;;;;;;;
5054,17-05-2020 13:15,4135001,1BY6WEcLGh8j5v7,7458.714286,729.1571429,4636.714286,6276241.714,235,0.45177123399999997,;;;;;;;;;;
5076,17-05-2020 13:30,4135001,1BY6WEcLGh8j5v7,9721.0,949.325,4895.375,6276500.375,236,0.74288974266666674,;;;;;;;;;;
5098,17-05-2020 13:45,4135001,1BY6WEcLGh8j5v7,8383.0,819.4285714,5088.428571,6276693.429,237,0.62508499428571429,;;;;;;;;;;
5120,17-05-2020 14:00,4135001,1BY6WEcLGh8j5v7,8658.0,845.6625,5324.125,6276929.125,238,0.69777257533333337,;;;;;;;;;;
5142,17-05-2020 14:15,4135001,1BY6WEcLGh8j5v7,4452.428571,437.0571429,5459.714286,6277064.714,239,0.43117843066666667,;;;;;;;;;;
5164,17-05-2020 14:30,4135001,1BY6WEcLGh8j5v7,3039.857143,298.3571429,5545.857143,6277150.857,240,0.31508990266666675,;;;;;;;;;;
5186,17-05-2020 14:45,4135001,1BY6WEcLGh8j5v7,9126.625,892.575,5698.375,6277303.375,241,0.65982711799999993,;;;;;;;;;;
5208,17-05-2020 15:00,4135001,1BY6WEcLGh8j5v7,8998.857143,880.3428571,5937.285714,6277542.286,242,0.68363620133333336,;;;;;;;;;;
5230,17-05-2020 15:15,4135001,1BY6WEcLGh8j5v7,7191.375,704.175,6119.125,6277724.125,243,0.51024167266666676,;;;;;;;;;;
5252,17-05-2020 15:30,4135001,1BY6WEcLGh8j5v7,7316.571429,716.2142857,6303.0,6277908.0,244,0.59090048571428566,;;;;;;;;;;
5274,17-05-2020 15:45,4135001,1BY6WEcLGh8j5v7,4029.875,395.8,6429.75,6278034.75,245,0.28931288200000005,;;;;;;;;;;
5296,17-05-2020 16:00,4135001,1BY6WEcLGh8j5v7,5536.0,542.3142857,6562.428571,6278167.429,246,0.45336588266666666,;;;;;;;;;;
5318,17-05-2020 16:15,4135001,1BY6WEcLGh8j5v7,4098.857143,402.3285714,6669.857143,6278274.857,247,0.33843311571428569,;;;;;;;;;;
5340,17-05-2020 16:30,4135001,1BY6WEcLGh8j5v7,3730.0,365.9857143,6764.142857,6278369.143,248,0.29131288666666666,;;;;;;;;;;
5362,17-05-2020 16:45,4135001,1BY6WEcLGh8j5v7,3425.125,336.4875,6857.75,6278462.75,249,0.257869254,;;;;;;;;;;
5384,17-05-2020 17:00,4135001,1BY6WEcLGh8j5v7,1892.142857,185.4857143,6923.142857,6278528.143,250,0.14100155026666664,;;;;;;;;;;
5406,17-05-2020 17:15,4135001,1BY6WEcLGh8j5v7,1564.875,153.125,6965.25,6278570.25,251,0.11703417066666667,;;;;;;;;;;
5428,17-05-2020 17:30,4135001,1BY6WEcLGh8j5v7,1279.571429,124.4857143,7000.714286,6278605.714,252,0.094512841714285728,;;;;;;;;;;
5450,17-05-2020 17:45,4135001,1BY6WEcLGh8j5v7,797.25,77.3125,7026.75,6278631.75,253,0.061722936333333332,;;;;;;;;;;
5472,17-05-2020 18:00,4135001,1BY6WEcLGh8j5v7,277.8571429,26.84285714,7039.0,6278644.0,254,0.023625547766666668,;;;;;;;;;;
5494,17-05-2020 18:15,4135001,1BY6WEcLGh8j5v7,108.125,10.425,7043.75,6278648.75,255,0.010367788026666665,;;;;;;;;;;
5516,17-05-2020 18:30,4135001,1BY6WEcLGh8j5v7,0.0,0.0,7045.0,6278650.0,256,0.00083712040924666673,;;;;;;;;;;
5538,17-05-2020 18:45,4135001,1BY6WEcLGh8j5v7,0.0,0.0,7045.0,6278650.0,257,0,;;;;;;;;;;
5560,17-05-2020 19:00,4135001,1BY6WEcLGh8j5v7,0.0,0.0,7045.0,6278650.0,258,0,;;;;;;;;;;
5582,17-05-2020 19:15,4135001,1BY6WEcLGh8j5v7,0.0,0.0,7045.0,6278650.0,259,0,;;;;;;;;;;
5604,17-05-2020 19:30,4135001,1BY6WEcLGh8j5v7,0.0,0.0,7045.0,6278650.0,260,0,;;;;;;;;;;
5626,17-05-2020 19:45,4135001,1BY6WEcLGh8j5v7,0.0,0.0,7045.0,6278650.0,261,0,;;;;;;;;;;
5648,17-05-2020 20:00,4135001,1BY6WEcLGh8j5v7,0.0,0.0,7045.0,6278650.0,262,0,;;;;;;;;;;
5670,17-05-2020 20:15,4135001,1BY6WEcLGh8j5v7,0.0,0.0,7045.0,6278650.0,263,0,;;;;;;;;;;
5692,17-05-2020 20:30,4135001,1BY6WEcLGh8j5v7,0.0,0.0,7045.0,6278650.0,264,0,;;;;;;;;;;
5714,17-05-2020 20:45,4135001,1BY6WEcLGh8j5v7,0.0,0.0,7045.0,6278650.0,265,0,;;;;;;;;;;
5736,17-05-2020 21:00,4135001,1BY6WEcLGh8j5v7,0.0,0.0,7045.0,6278650.0,266,0,;;;;;;;;;;
5758,17-05-2020 21:15,4135001,1BY6WEcLGh8j5v7,0.0,0.0,7045.0,6278650.0,267,0,;;;;;;;;;;
5780,17-05-2020 21:30,4135001,1BY6WEcLGh8j5v7,0.0,0.0,7045.0,6278650.0,268,0,;;;;;;;;;;
5802,17-05-2020 21:45,4135001,1BY6WEcLGh8j5v7,0.0,0.0,7045.0,6278650.0,269,0,;;;;;;;;;;
5824,17-05-2020 22:00,4135001,1BY6WEcLGh8j5v7,0.0,0.0,7045.0,6278650.0,270,0,;;;;;;;;;;
5846,17-05-2020 22:15,4135001,1BY6WEcLGh8j5v7,0.0,0.0,7045.0,6278650.0,271,0,;;;;;;;;;;
5868,17-05-2020 22:30,4135001,1BY6WEcLGh8j5v7,0.0,0.0,7045.0,6278650.0,272,0,;;;;;;;;;;
5890,17-05-2020 22:45,4135001,1BY6WEcLGh8j5v7,0.0,0.0,7045.0,6278650.0,273,0,;;;;;;;;;;
5912,17-05-2020 23:00,4135001,1BY6WEcLGh8j5v7,0.0,0.0,7045.0,6278650.0,274,0,;;;;;;;;;;
5934,17-05-2020 23:15,4135001,1BY6WEcLGh8j5v7,0.0,0.0,7045.0,6278650.0,275,0,;;;;;;;;;;
5956,17-05-2020 23:30,4135001,1BY6WEcLGh8j5v7,0.0,0.0,7045.0,6278650.0,276,0,;;;;;;;;;;
5978,17-05-2020 23:45,4135001,1BY6WEcLGh8j5v7,0.0,0.0,7045.0,6278650.0,277,0,;;;;;;;;;;
6000,18-05-2020 00:00,4135001,1BY6WEcLGh8j5v7,0.0,0.0,0.0,6278650.0,278,0,;;;;;;;;;;
6022,18-05-2020 00:15,4135001,1BY6WEcLGh8j5v7,0.0,0.0,0.0,6278650.0,279,0,;;;;;;;;;;
6044,18-05-2020 00:30,4135001,1BY6WEcLGh8j5v7,0.0,0.0,0.0,6278650.0,280,0,;;;;;;;;;;
6066,18-05-2020 00:45,4135001,1BY6WEcLGh8j5v7,0.0,0.0,0.0,6278650.0,281,0,;;;;;;;;;;
6088,18-05-2020 01:00,4135001,1BY6WEcLGh8j5v7,0.0,0.0,0.0,6278650.0,282,0,;;;;;;;;;;
6110,18-05-2020 01:15,4135001,1BY6WEcLGh8j5v7,0.0,0.0,0.0,6278650.0,283,0,;;;;;;;;;;
6132,18-05-2020 01:30,4135001,1BY6WEcLGh8j5v7,0.0,0.0,0.0,6278650.0,284,0,;;;;;;;;;;
6154,18-05-2020 01:45,4135001,1BY6WEcLGh8j5v7,0.0,0.0,0.0,6278650.0,285,0,;;;;;;;;;;
6176,18-05-2020 02:00,4135001,1BY6WEcLGh8j5v7,0.0,0.0,0.0,6278650.0,286,0,;;;;;;;;;;
6198,18-05-2020 02:15,4135001,1BY6WEcLGh8j5v7,0.0,0.0,0.0,6278650.0,287,0,;;;;;;;;;;
6220,18-05-2020 02:30,4135001,1BY6WEcLGh8j5v7,0.0,0.0,0.0,6278650.0,288,0,;;;;;;;;;;
6242,18-05-2020 02:45,4135001,1BY6WEcLGh8j5v7,0.0,0.0,0.0,6278650.0,289,0,;;;;;;;;;;
6264,18-05-2020 03:00,4135001,1BY6WEcLGh8j5v7,0.0,0.0,0.0,6278650.0,290,0,;;;;;;;;;;
6286,18-05-2020 03:15,4135001,1BY6WEcLGh8j5v7,0.0,0.0,0.0,6278650.0,291,0,;;;;;;;;;;
6308,18-05-2020 03:30,4135001,1BY6WEcLGh8j5v7,0.0,0.0,0.0,6278650.0,292,0,;;;;;;;;;;
6330,18-05-2020 03:45,4135001,1BY6WEcLGh8j5v7,0.0,0.0,0.0,6278650.0,293,0,;;;;;;;;;;
6352,18-05-2020 04:00,4135001,1BY6WEcLGh8j5v7,0.0,0.0,0.0,6278650.0,294,0,;;;;;;;;;;
6374,18-05-2020 04:15,4135001,1BY6WEcLGh8j5v7,0.0,0.0,0.0,6278650.0,295,0,;;;;;;;;;;
6396,18-05-2020 04:30,4135001,1BY6WEcLGh8j5v7,0.0,0.0,0.0,6278650.0,296,0,;;;;;;;;;;
6418,18-05-2020 04:45,4135001,1BY6WEcLGh8j5v7,0.0,0.0,0.0,6278650.0,297,0,;;;;;;;;;;
6440,18-05-2020 05:00,4135001,1BY6WEcLGh8j5v7,0.0,0.0,0.0,6278650.0,298,0,;;;;;;;;;;
6462,18-05-2020 05:15,4135001,1BY6WEcLGh8j5v7,0.0,0.0,0.0,6278650.0,299,0,;;;;;;;;;;
6484,18-05-2020 05:30,4135001,1BY6WEcLGh8j5v7,0.0,0.0,0.0,6278650.0,300,0,;;;;;;;;;;
6506,18-05-2020 05:45,4135001,1BY6WEcLGh8j5v7,0.0,0.0,0.0,6278650.0,301,0.00051996566333333341,;;;;;;;;;;
6528,18-05-2020 06:00,4135001,1BY6WEcLGh8j5v7,72.625,7.025,0.125,6278650.125,302,0.00859414896,;;;;;;;;;;
6550,18-05-2020 06:15,4135001,1BY6WEcLGh8j5v7,364.1428571,35.18571429,5.0,6278655.0,303,0.028366828933333334,;;;;;;;;;;
6572,18-05-2020 06:30,4135001,1BY6WEcLGh8j5v7,712.375,69.0375,17.75,6278667.75,304,0.053956135714285709,;;;;;;;;;;
6594,18-05-2020 06:45,4135001,1BY6WEcLGh8j5v7,1076.857143,104.6714286,40.0,6278690.0,305,0.080550227533333338,;;;;;;;;;;
6616,18-05-2020 07:00,4135001,1BY6WEcLGh8j5v7,1603.0,156.775,71.75,6278721.75,306,0.11754557266666667,;;;;;;;;;;
6638,18-05-2020 07:15,4135001,1BY6WEcLGh8j5v7,2525.285714,247.6571429,121.7142857,6278771.714,307,0.18703004600000003,;;;;;;;;;;
6660,18-05-2020 07:30,4135001,1BY6WEcLGh8j5v7,3099.25,304.3625,194.75,6278844.75,308,0.2446230293333333,;;;;;;;;;;
6682,18-05-2020 07:45,4135001,1BY6WEcLGh8j5v7,1606.571429,157.0571429,253.4285714,6278903.429,309,0.119259876,;;;;;;;;;;
6704,18-05-2020 08:00,4135001,1BY6WEcLGh8j5v7,1185.142857,115.2285714,284.1428571,6278934.143,310,0.082955803933333322,;;;;;;;;;;
6726,18-05-2020 08:15,4135001,1BY6WEcLGh8j5v7,1301.75,126.6375,313.5,6278963.5,311,0.089748178333333331,;;;;;;;;;;
6748,18-05-2020 08:30,4135001,1BY6WEcLGh8j5v7,1721.857143,168.6857143,351.2857143,6279001.286,312,0.11809229466666667,;;;;;;;;;;
6770,18-05-2020 08:45,4135001,1BY6WEcLGh8j5v7,1818.75,178.25,394.75,6279044.75,313,0.12464406464285714,;;;;;;;;;;
6792,18-05-2020 09:00,4135001,1BY6WEcLGh8j5v7,1697.285714,166.3428571,439.5714286,6279089.571,314,0.1154349828,;;;;;;;;;;
6814,18-05-2020 09:15,4135001,1BY6WEcLGh8j5v7,1647.0,161.4,479.375,6279129.375,315,0.11040829786666666,;;;;;;;;;;
6836,18-05-2020 09:30,4135001,1BY6WEcLGh8j5v7,1424.571429,138.8,517.7142857,6279167.714,316,0.0963806904,;;;;;;;;;;
6858,18-05-2020 09:45,4135001,1BY6WEcLGh8j5v7,1474.25,143.875,551.625,6279201.625,317,0.099295161800000017,;;;;;;;;;;
6880,18-05-2020 10:00,4135001,1BY6WEcLGh8j5v7,1665.857143,163.2714286,590.2857143,6279240.286,318,0.112813087,;;;;;;;;;;
6902,18-05-2020 10:15,4135001,1BY6WEcLGh8j5v7,2065.75,202.5125,635.0,6279285.0,319,0.14224673506666669,;;;;;;;;;;
6924,18-05-2020 10:30,4135001,1BY6WEcLGh8j5v7,2999.0,294.5857143,695.4285714,6279345.429,320,0.20888875000000004,;;;;;;;;;;
6946,18-05-2020 10:45,4135001,1BY6WEcLGh8j5v7,5274.875,517.2,795.25,6279445.25,321,0.374390925,;;;;;;;;;;
6968,18-05-2020 11:00,4135001,1BY6WEcLGh8j5v7,5922.714286,580.3857143,936.1428571,6279586.143,322,0.43490468533333337,;;;;;;;;;;
6990,18-05-2020 11:15,4135001,1BY6WEcLGh8j5v7,6454.75,632.325,1092.625,6279742.625,323,0.48475058733333332,;;;;;;;;;;
7012,18-05-2020 11:30,4135001,1BY6WEcLGh8j5v7,4789.857143,469.8285714,1232.428571,6279882.429,324,0.35146505466666667,;;;;;;;;;;
7034,18-05-2020 11:45,4135001,1BY6WEcLGh8j5v7,5844.0,572.65,1359.125,6280009.125,325,0.41488319333333334,;;;;;;;;;;
7056,18-05-2020 12:00,4135001,1BY6WEcLGh8j5v7,7632.857143,747.2571429,1522.714286,6280172.714,326,0.56231299066666662,;;;;;;;;;;
7078,18-05-2020 12:15,4135001,1BY6WEcLGh8j5v7,8024.625,785.4375,1722.75,6280372.75,327,0.6032151686666668,;;;;;;;;;;
7100,18-05-2020 12:30,4135001,1BY6WEcLGh8j5v7,7755.428571,759.2142857,1913.857143,6280563.857,328,0.59324372333333319,;;;;;;;;;;
7122,18-05-2020 12:45,4135001,1BY6WEcLGh8j5v7,7566.285714,740.6428571,2084.714286,6280734.714,329,0.55112984533333342,;;;;;;;;;;
7144,18-05-2020 13:00,4135001,1BY6WEcLGh8j5v7,7234.0,708.325,2270.375,6280920.375,330,0.56736982466666674,;;;;;;;;;;
7166,18-05-2020 13:15,4135001,1BY6WEcLGh8j5v7,8938.714286,874.0285714,2450.0,6281100.0,331,0.72282682428571432,;;;;;;;;;;
7188,18-05-2020 13:30,4135001,1BY6WEcLGh8j5v7,10711.75,1045.7625,2709.125,6281359.125,332,0.80684692799999991,;;;;;;;;;;
7210,18-05-2020 13:45,4135001,1BY6WEcLGh8j5v7,12238.85714,1193.628571,2996.0,6281646.0,333,0.97148052,;;;;;;;;;;
7232,18-05-2020 14:00,4135001,1BY6WEcLGh8j5v7,9339.25,912.65,3275.25,6281925.25,334,0.72355322066666672,;;;;;;;;;;
7254,18-05-2020 14:15,4135001,1BY6WEcLGh8j5v7,4601.142857,451.5571429,3425.857143,6282075.857,335,0.344136892,;;;;;;;;;;
7276,18-05-2020 14:30,4135001,1BY6WEcLGh8j5v7,6379.625,624.9625,3564.375,6282214.375,336,0.45346188400000004,;;;;;;;;;;
7298,18-05-2020 14:45,4135001,1BY6WEcLGh8j5v7,5844.285714,572.6571429,3706.142857,6282356.143,337,0.43868137533333323,;;;;;;;;;;
7320,18-05-2020 15:00,4135001,1BY6WEcLGh8j5v7,7249.75,709.9,3875.25,6282525.25,338,0.5478691779999999,;;;;;;;;;;
7342,18-05-2020 15:15,4135001,1BY6WEcLGh8j5v7,7443.142857,728.7428571,4047.571429,6282697.571,339,0.555787044,;;;;;;;;;;
7364,18-05-2020 15:30,4135001,1BY6WEcLGh8j5v7,7063.625,691.7125,4229.75,6282879.75,340,0.52508064,;;;;;;;;;;
7386,18-05-2020 15:45,4135001,1BY6WEcLGh8j5v7,6533.142857,639.9714286,4397.857143,6283047.857,341,0.496169466,;;;;;;;;;;
7408,18-05-2020 16:00,4135001,1BY6WEcLGh8j5v7,5530.25,542.0375,4548.0,6283198.0,342,0.4127974533333334,;;;;;;;;;;
7430,18-05-2020 16:15,4135001,1BY6WEcLGh8j5v7,3755.714286,369.1285714,4665.285714,6283315.286,343,0.299364092,;;;;;;;;;;
7452,18-05-2020 16:30,4135001,1BY6WEcLGh8j5v7,3458.75,340.025,4753.25,6283403.25,344,0.2568065713333334,;;;;;;;;;;
7474,18-05-2020 16:45,4135001,1BY6WEcLGh8j5v7,2627.285714,257.6571429,4828.285714,6283478.286,345,0.19719159866666669,;;;;;;;;;;
7496,18-05-2020 17:00,4135001,1BY6WEcLGh8j5v7,2073.0,203.2428571,4882.428571,6283532.429,346,0.14928007466666668,;;;;;;;;;;
7518,18-05-2020 17:15,4135001,1BY6WEcLGh8j5v7,1556.125,152.0375,4927.0,6283577.0,347,0.1109690122,;;;;;;;;;;
7540,18-05-2020 17:30,4135001,1BY6WEcLGh8j5v7,1076.714286,104.6714286,4959.285714,6283609.286,348,0.077580451214285723,;;;;;;;;;;
7562,18-05-2020 17:45,4135001,1BY6WEcLGh8j5v7,690.75,66.95,4980.625,6283630.625,349,0.0509663638,;;;;;;;;;;
7584,18-05-2020 18:00,4135001,1BY6WEcLGh8j5v7,357.7142857,34.55714286,4994.142857,6283644.143,350,0.03079015626666667,;;;;;;;;;;
7606,18-05-2020 18:15,4135001,1BY6WEcLGh8j5v7,0.0,0.0,4998.0,6283648.0,351,0.013907364146666667,;;;;;;;;;;
7628,18-05-2020 18:30,4135001,1BY6WEcLGh8j5v7,0.0,0.0,4998.0,6283648.0,352,0.0019180998580666667,;;;;;;;;;;
7650,18-05-2020 18:45,4135001,1BY6WEcLGh8j5v7,0.0,0.0,4998.0,6283648.0,353,0,;;;;;;;;;;
7672,18-05-2020 19:00,4135001,1BY6WEcLGh8j5v7,0.0,0.0,4998.0,6283648.0,354,0,;;;;;;;;;;
7694,18-05-2020 19:15,4135001,1BY6WEcLGh8j5v7,0.0,0.0,4998.0,6283648.0,355,0,;;;;;;;;;;
7716,18-05-2020 19:30,4135001,1BY6WEcLGh8j5v7,0.0,0.0,4998.0,6283648.0,356,0,;;;;;;;;;;
7738,18-05-2020 19:45,4135001,1BY6WEcLGh8j5v7,0.0,0.0,4998.0,6283648.0,357,0,;;;;;;;;;;
7760,18-05-2020 20:00,4135001,1BY6WEcLGh8j5v7,0.0,0.0,4998.0,6283648.0,358,0,;;;;;;;;;;
7782,18-05-2020 20:15,4135001,1BY6WEcLGh8j5v7,0.0,0.0,4998.0,6283648.0,359,0,;;;;;;;;;;
7804,18-05-2020 20:30,4135001,1BY6WEcLGh8j5v7,0.0,0.0,4998.0,6283648.0,360,0,;;;;;;;;;;
7826,18-05-2020 20:45,4135001,1BY6WEcLGh8j5v7,0.0,0.0,4998.0,6283648.0,361,0,;;;;;;;;;;
7848,18-05-2020 21:00,4135001,1BY6WEcLGh8j5v7,0.0,0.0,4998.0,6283648.0,362,0,;;;;;;;;;;
7870,18-05-2020 21:15,4135001,1BY6WEcLGh8j5v7,0.0,0.0,4998.0,6283648.0,363,0,;;;;;;;;;;
7892,18-05-2020 21:30,4135001,1BY6WEcLGh8j5v7,0.0,0.0,4998.0,6283648.0,364,0,;;;;;;;;;;
7914,18-05-2020 21:45,4135001,1BY6WEcLGh8j5v7,0.0,0.0,4998.0,6283648.0,365,0,;;;;;;;;;;
7936,18-05-2020 22:00,4135001,1BY6WEcLGh8j5v7,0.0,0.0,4998.0,6283648.0,366,0,;;;;;;;;;;
7958,18-05-2020 22:15,4135001,1BY6WEcLGh8j5v7,0.0,0.0,4998.0,6283648.0,367,0,;;;;;;;;;;
7980,18-05-2020 22:30,4135001,1BY6WEcLGh8j5v7,0.0,0.0,4998.0,6283648.0,368,0,;;;;;;;;;;
8002,18-05-2020 22:45,4135001,1BY6WEcLGh8j5v7,0.0,0.0,4998.0,6283648.0,369,0,;;;;;;;;;;
8024,18-05-2020 23:00,4135001,1BY6WEcLGh8j5v7,0.0,0.0,4998.0,6283648.0,370,0,;;;;;;;;;;
8046,18-05-2020 23:15,4135001,1BY6WEcLGh8j5v7,0.0,0.0,4998.0,6283648.0,371,0,;;;;;;;;;;
8068,18-05-2020 23:30,4135001,1BY6WEcLGh8j5v7,0.0,0.0,4998.0,6283648.0,372,0,;;;;;;;;;;
8090,18-05-2020 23:45,4135001,1BY6WEcLGh8j5v7,0.0,0.0,4998.0,6283648.0,373,0,;;;;;;;;;;
8112,19-05-2020 00:00,4135001,1BY6WEcLGh8j5v7,0.0,0.0,624.75,6283648.0,374,0,;;;;;;;;;;
8134,19-05-2020 00:15,4135001,1BY6WEcLGh8j5v7,0.0,0.0,0.0,6283648.0,375,0,;;;;;;;;;;
8156,19-05-2020 00:30,4135001,1BY6WEcLGh8j5v7,0.0,0.0,0.0,6283648.0,376,0,;;;;;;;;;;
8178,19-05-2020 00:45,4135001,1BY6WEcLGh8j5v7,0.0,0.0,0.0,6283648.0,377,0,;;;;;;;;;;
8200,19-05-2020 01:00,4135001,1BY6WEcLGh8j5v7,0.0,0.0,0.0,6283648.0,378,0,;;;;;;;;;;
8222,19-05-2020 01:15,4135001,1BY6WEcLGh8j5v7,0.0,0.0,0.0,6283648.0,379,0,;;;;;;;;;;
8244,19-05-2020 01:30,4135001,1BY6WEcLGh8j5v7,0.0,0.0,0.0,6283648.0,380,0,;;;;;;;;;;
8266,19-05-2020 01:45,4135001,1BY6WEcLGh8j5v7,0.0,0.0,0.0,6283648.0,381,0,;;;;;;;;;;
8288,19-05-2020 02:00,4135001,1BY6WEcLGh8j5v7,0.0,0.0,0.0,6283648.0,382,0,;;;;;;;;;;
8310,19-05-2020 02:15,4135001,1BY6WEcLGh8j5v7,0.0,0.0,0.0,6283648.0,383,0,;;;;;;;;;;
8332,19-05-2020 02:30,4135001,1BY6WEcLGh8j5v7,0.0,0.0,0.0,6283648.0,384,0,;;;;;;;;;;
8354,19-05-2020 02:45,4135001,1BY6WEcLGh8j5v7,0.0,0.0,0.0,6283648.0,385,0,;;;;;;;;;;
8376,19-05-2020 03:00,4135001,1BY6WEcLGh8j5v7,0.0,0.0,0.0,6283648.0,386,0,;;;;;;;;;;
8398,19-05-2020 03:15,4135001,1BY6WEcLGh8j5v7,0.0,0.0,0.0,6283648.0,387,0,;;;;;;;;;;
8420,19-05-2020 03:30,4135001,1BY6WEcLGh8j5v7,0.0,0.0,0.0,6283648.0,388,0,;;;;;;;;;;
8442,19-05-2020 03:45,4135001,1BY6WEcLGh8j5v7,0.0,0.0,0.0,6283648.0,389,0,;;;;;;;;;;
8464,19-05-2020 04:00,4135001,1BY6WEcLGh8j5v7,0.0,0.0,0.0,6283648.0,390,0,;;;;;;;;;;
8486,19-05-2020 04:15,4135001,1BY6WEcLGh8j5v7,0.0,0.0,0.0,6283648.0,391,0,;;;;;;;;;;
8508,19-05-2020 04:30,4135001,1BY6WEcLGh8j5v7,0.0,0.0,0.0,6283648.0,392,0,;;;;;;;;;;
8530,19-05-2020 04:45,4135001,1BY6WEcLGh8j5v7,0.0,0.0,0.0,6283648.0,393,0,;;;;;;;;;;
8552,19-05-2020 05:00,4135001,1BY6WEcLGh8j5v7,0.0,0.0,0.0,6283648.0,394,0,;;;;;;;;;;
8574,19-05-2020 05:15,4135001,1BY6WEcLGh8j5v7,0.0,0.0,0.0,6283648.0,395,0,;;;;;;;;;;
8596,19-05-2020 05:30,4135001,1BY6WEcLGh8j5v7,0.0,0.0,0.0,6283648.0,396,0,;;;;;;;;;;
8618,19-05-2020 05:45,4135001,1BY6WEcLGh8j5v7,0.0,0.0,0.0,6283648.0,397,0.00031831781686666668,;;;;;;;;;;
8640,19-05-2020 06:00,4135001,1BY6WEcLGh8j5v7,0.0,0.0,0.0,6283648.0,398,0.00431375216,;;;;;;;;;;
8662,19-05-2020 06:15,4135001,1BY6WEcLGh8j5v7,87.125,8.4125,0.75,6283648.75,399,0.0096971220999999986,;;;;;;;;;;
8684,19-05-2020 06:30,4135001,1BY6WEcLGh8j5v7,180.1428571,17.4,4.0,6283652.0,400,0.012650073333333334,;;;;;;;;;;
8706,19-05-2020 06:45,4135001,1BY6WEcLGh8j5v7,659.5714286,64.02857143,10.85714286,6283658.857,401,0.04675224233333334,;;;;;;;;;;
8728,19-05-2020 07:00,4135001,1BY6WEcLGh8j5v7,2310.5,226.575,48.125,6283696.125,402,0.1720124636666667,;;;;;;;;;;
8750,19-05-2020 07:15,4135001,1BY6WEcLGh8j5v7,2413.714286,236.6714286,108.7142857,6283756.714,403,0.18750661933333332,;;;;;;;;;;
8772,19-05-2020 07:30,4135001,1BY6WEcLGh8j5v7,2371.125,232.4875,166.5,6283814.5,404,0.18865497999999997,;;;;;;;;;;
8794,19-05-2020 07:45,4135001,1BY6WEcLGh8j5v7,2927.0,287.3285714,226.2857143,6283874.286,405,0.23511563866666671,;;;;;;;;;;
8816,19-05-2020 08:00,4135001,1BY6WEcLGh8j5v7,1592.125,155.5875,286.0,6283934.0,406,0.13121155273333335,;;;;;;;;;;
8838,19-05-2020 08:15,4135001,1BY6WEcLGh8j5v7,2457.285714,241.0857143,328.0,6283976.0,407,0.19409154428571432,;;;;;;;;;;
8860,19-05-2020 08:30,4135001,1BY6WEcLGh8j5v7,4043.125,397.0375,415.125,6284063.125,408,0.2977888,;;;;;;;;;;
8882,19-05-2020 08:45,4135001,1BY6WEcLGh8j5v7,3959.142857,388.4857143,503.5714286,6284151.571,409,0.27351504733333332,;;;;;;;;;;
8904,19-05-2020 09:00,4135001,1BY6WEcLGh8j5v7,4936.625,484.05,615.125,6284263.125,410,0.38689201200000006,;;;;;;;;;;
8926,19-05-2020 09:15,4135001,1BY6WEcLGh8j5v7,5198.0,509.6428571,742.8571429,6284390.857,411,0.42411810266666666,;;;;;;;;;;
8948,19-05-2020 09:30,4135001,1BY6WEcLGh8j5v7,7913.125,774.475,918.5,6284566.5,412,0.64654748866666656,;;;;;;;;;;
8970,19-05-2020 09:45,4135001,1BY6WEcLGh8j5v7,6464.714286,633.2428571,1088.0,6284736.0,413,0.52611061533333325,;;;;;;;;;;
8992,19-05-2020 10:00,4135001,1BY6WEcLGh8j5v7,5271.375,516.8625,1219.625,6284867.625,414,0.4921659633333334,;;;;;;;;;;
9014,19-05-2020 10:15,4135001,1BY6WEcLGh8j5v7,7250.142857,709.7714286,1364.142857,6285012.143,415,0.59249358071428571,;;;;;;;;;;
9036,19-05-2020 10:30,4135001,1BY6WEcLGh8j5v7,6599.375,645.9,1543.5,6285191.5,416,0.51103622133333337,;;;;;;;;;;
9058,19-05-2020 10:45,4135001,1BY6WEcLGh8j5v7,7119.857143,696.9857143,1699.142857,6285347.143,417,0.60155917600000008,;;;;;;;;;;
9080,19-05-2020 11:00,4135001,1BY6WEcLGh8j5v7,9467.285714,924.7571429,1891.142857,6285539.143,418,0.813000858,;;;;;;;;;;
9102,19-05-2020 11:15,4135001,1BY6WEcLGh8j5v7,7343.75,718.8875,2118.5,6285766.5,419,0.49947327399999991,;;;;;;;;;;
9124,19-05-2020 11:30,4135001,1BY6WEcLGh8j5v7,3586.75,352.55,2230.75,6285878.75,420,0.28339002500000005,;;;;;;;;;;
9146,19-05-2020 12:30,4135001,1BY6WEcLGh8j5v7,9414.0,920.7,3279.0,6286927.0,421,0.73832813,;;;;;;;;;;
9168,19-05-2020 12:45,4135001,1BY6WEcLGh8j5v7,10854.5,1059.8,3455.5,6287103.5,422,0.835832152,;;;;;;;;;;
9190,19-05-2020 13:00,4135001,1BY6WEcLGh8j5v7,9931.857143,970.7571429,3668.428571,6287316.429,423,0.70194330133333349,;;;;;;;;;;
9212,19-05-2020 13:15,4135001,1BY6WEcLGh8j5v7,7626.875,746.5625,3891.875,6287539.875,424,0.54735484666666678,;;;;;;;;;;
9234,19-05-2020 13:30,4135001,1BY6WEcLGh8j5v7,7291.428571,713.9142857,4062.142857,6287710.143,425,0.53069364933333341,;;;;;;;;;;
9256,19-05-2020 13:45,4135001,1BY6WEcLGh8j5v7,9371.375,916.6375,4271.625,6287919.625,426,0.72125849400000019,;;;;;;;;;;
9278,19-05-2020 14:00,4135001,1BY6WEcLGh8j5v7,8221.285714,804.5857143,4488.428571,6288136.429,427,0.64480236533333324,;;;;;;;;;;
9300,19-05-2020 14:15,4135001,1BY6WEcLGh8j5v7,8903.125,870.9125,4698.25,6288346.25,428,0.68242111642857139,;;;;;;;;;;
9322,19-05-2020 14:30,4135001,1BY6WEcLGh8j5v7,9685.428571,947.1571429,4926.857143,6288574.857,429,0.730578768,;;;;;;;;;;
9344,19-05-2020 14:45,4135001,1BY6WEcLGh8j5v7,9299.0,909.5714286,5148.714286,6288796.714,430,0.702796554,;;;;;;;;;;
9366,19-05-2020 15:00,4135001,1BY6WEcLGh8j5v7,6554.0,641.9125,5354.75,6289002.75,431,0.5274703919999999,;;;;;;;;;;
9388,19-05-2020 15:15,4135001,1BY6WEcLGh8j5v7,5526.714286,541.7714286,5508.571429,6289156.571,432,0.43247106533333335,;;;;;;;;;;
9410,19-05-2020 15:30,4135001,1BY6WEcLGh8j5v7,5993.125,587.3,5639.0,6289287.0,433,0.45006760466666673,;;;;;;;;;;
9432,19-05-2020 15:45,4135001,1BY6WEcLGh8j5v7,5079.0,497.9571429,5781.714286,6289429.714,434,0.37986590466666664,;;;;;;;;;;
9454,19-05-2020 16:00,4135001,1BY6WEcLGh8j5v7,6004.5,588.3625,5912.25,6289560.25,435,0.46157561466666663,;;;;;;;;;;
9476,19-05-2020 16:15,4135001,1BY6WEcLGh8j5v7,4827.714286,473.5857143,6051.0,6289699.0,436,0.39041503714285714,;;;;;;;;;;
9498,19-05-2020 16:30,4135001,1BY6WEcLGh8j5v7,4335.625,425.625,6168.0,6289816.0,437,0.32866784133333338,;;;;;;;;;;
9516,19-05-2020 16:45,4135001,1BY6WEcLGh8j5v7,3421.428571,336.3714286,6264.857143,6289912.857,438,0.26393674066666667,;;;;;;;;;;
9534,19-05-2020 17:00,4135001,1BY6WEcLGh8j5v7,2465.625,241.775,6339.0,6289987.0,439,0.18926089399999999,;;;;;;;;;;
9552,19-05-2020 17:15,4135001,1BY6WEcLGh8j5v7,1697.714286,166.2857143,6389.142857,6290037.143,440,0.1278067490666667,;;;;;;;;;;
9570,19-05-2020 17:30,4135001,1BY6WEcLGh8j5v7,1147.375,111.55,6423.25,6290071.25,441,0.087228080000000013,;;;;;;;;;;
9588,19-05-2020 17:45,4135001,1BY6WEcLGh8j5v7,473.7142857,45.85714286,6444.714286,6290092.714,442,0.0377508244,;;;;;;;;;;
9606,19-05-2020 18:00,4135001,1BY6WEcLGh8j5v7,0.0,0.0,6449.0,6290097.0,443,0.0015752938426666669,;;;;;;;;;;
9624,19-05-2020 18:15,4135001,1BY6WEcLGh8j5v7,0.0,0.0,6449.0,6290097.0,444,0.00032863365066666665,;;;;;;;;;;
9642,19-05-2020 18:30,4135001,1BY6WEcLGh8j5v7,0.0,0.0,6449.0,6290097.0,445,0,;;;;;;;;;;
9660,19-05-2020 18:45,4135001,1BY6WEcLGh8j5v7,0.0,0.0,6449.0,6290097.0,446,159698917333.333,;;;;;;;;;;
9678,19-05-2020 19:00,4135001,1BY6WEcLGh8j5v7,0.0,0.0,6449.0,6290097.0,447,0,;;;;;;;;;;
9696,19-05-2020 19:15,4135001,1BY6WEcLGh8j5v7,0.0,0.0,6449.0,6290097.0,448,0,;;;;;;;;;;
9714,19-05-2020 19:30,4135001,1BY6WEcLGh8j5v7,0.0,0.0,6449.0,6290097.0,449,0,;;;;;;;;;;
9732,19-05-2020 19:45,4135001,1BY6WEcLGh8j5v7,0.0,0.0,6449.0,6290097.0,450,0,;;;;;;;;;;
9750,19-05-2020 20:00,4135001,1BY6WEcLGh8j5v7,0.0,0.0,6449.0,6290097.0,451,0,;;;;;;;;;;
9772,19-05-2020 20:15,4135001,1BY6WEcLGh8j5v7,0.0,0.0,6449.0,6290097.0,452,0,;;;;;;;;;;
9794,19-05-2020 20:30,4135001,1BY6WEcLGh8j5v7,0.0,0.0,6449.0,6290097.0,453,0,;;;;;;;;;;
9816,19-05-2020 20:45,4135001,1BY6WEcLGh8j5v7,0.0,0.0,6449.0,6290097.0,454,0,;;;;;;;;;;
9838,19-05-2020 21:00,4135001,1BY6WEcLGh8j5v7,0.0,0.0,6449.0,6290097.0,455,0,;;;;;;;;;;
9860,19-05-2020 21:15,4135001,1BY6WEcLGh8j5v7,0.0,0.0,6449.0,6290097.0,456,0,;;;;;;;;;;
9882,19-05-2020 21:30,4135001,1BY6WEcLGh8j5v7,0.0,0.0,6449.0,6290097.0,457,0,;;;;;;;;;;
9904,19-05-2020 21:45,4135001,1BY6WEcLGh8j5v7,0.0,0.0,6449.0,6290097.0,458,0,;;;;;;;;;;
9926,19-05-2020 22:00,4135001,1BY6WEcLGh8j5v7,0.0,0.0,6449.0,6290097.0,459,0,;;;;;;;;;;
9948,19-05-2020 22:15,4135001,1BY6WEcLGh8j5v7,0.0,0.0,6449.0,6290097.0,460,0,;;;;;;;;;;
9970,19-05-2020 22:30,4135001,1BY6WEcLGh8j5v7,0.0,0.0,6449.0,6290097.0,461,0,;;;;;;;;;;
9992,19-05-2020 22:45,4135001,1BY6WEcLGh8j5v7,0.0,0.0,6449.0,6290097.0,462,0,;;;;;;;;;;
10014,19-05-2020 23:00,4135001,1BY6WEcLGh8j5v7,0.0,0.0,6449.0,6290097.0,463,0,;;;;;;;;;;
10036,19-05-2020 23:15,4135001,1BY6WEcLGh8j5v7,0.0,0.0,6449.0,6290097.0,464,0,;;;;;;;;;;
10058,19-05-2020 23:30,4135001,1BY6WEcLGh8j5v7,0.0,0.0,6449.0,6290097.0,465,0,;;;;;;;;;;
10080,19-05-2020 23:45,4135001,1BY6WEcLGh8j5v7,0.0,0.0,6449.0,6290097.0,466,0,;;;;;;;;;;
10102,20-05-2020 00:00,4135001,1BY6WEcLGh8j5v7,0.0,0.0,806.125,6290097.0,467,0,;;;;;;;;;;
10124,20-05-2020 00:15,4135001,1BY6WEcLGh8j5v7,0.0,0.0,0.0,6290097.0,468,0,;;;;;;;;;;
10146,20-05-2020 00:30,4135001,1BY6WEcLGh8j5v7,0.0,0.0,0.0,6290097.0,469,0,;;;;;;;;;;
10168,20-05-2020 00:45,4135001,1BY6WEcLGh8j5v7,0.0,0.0,0.0,6290097.0,470,0,;;;;;;;;;;
10190,20-05-2020 01:00,4135001,1BY6WEcLGh8j5v7,0.0,0.0,0.0,6290097.0,471,0,;;;;;;;;;;
10212,20-05-2020 01:15,4135001,1BY6WEcLGh8j5v7,0.0,0.0,0.0,6290097.0,472,0,;;;;;;;;;;
10234,20-05-2020 01:30,4135001,1BY6WEcLGh8j5v7,0.0,0.0,0.0,6290097.0,473,0,;;;;;;;;;;
10256,20-05-2020 01:45,4135001,1BY6WEcLGh8j5v7,0.0,0.0,0.0,6290097.0,474,0,;;;;;;;;;;
10278,20-05-2020 02:00,4135001,1BY6WEcLGh8j5v7,0.0,0.0,0.0,6290097.0,475,0,;;;;;;;;;;
10300,20-05-2020 02:15,4135001,1BY6WEcLGh8j5v7,0.0,0.0,0.0,6290097.0,476,0,;;;;;;;;;;
10322,20-05-2020 02:30,4135001,1BY6WEcLGh8j5v7,0.0,0.0,0.0,6290097.0,477,0,;;;;;;;;;;
10344,20-05-2020 02:45,4135001,1BY6WEcLGh8j5v7,0.0,0.0,0.0,6290097.0,478,0,;;;;;;;;;;
10366,20-05-2020 03:00,4135001,1BY6WEcLGh8j5v7,0.0,0.0,0.0,6290097.0,479,0,;;;;;;;;;;
10388,20-05-2020 03:15,4135001,1BY6WEcLGh8j5v7,0.0,0.0,0.0,6290097.0,480,0,;;;;;;;;;;
10410,20-05-2020 03:30,4135001,1BY6WEcLGh8j5v7,0.0,0.0,0.0,6290097.0,481,0,;;;;;;;;;;
10432,20-05-2020 03:45,4135001,1BY6WEcLGh8j5v7,0.0,0.0,0.0,6290097.0,482,0,;;;;;;;;;;
10454,20-05-2020 04:00,4135001,1BY6WEcLGh8j5v7,0.0,0.0,0.0,6290097.0,483,0,;;;;;;;;;;
10476,20-05-2020 04:15,4135001,1BY6WEcLGh8j5v7,0.0,0.0,0.0,6290097.0,484,0,;;;;;;;;;;
10498,20-05-2020 04:30,4135001,1BY6WEcLGh8j5v7,0.0,0.0,0.0,6290097.0,485,0,;;;;;;;;;;
10520,20-05-2020 04:45,4135001,1BY6WEcLGh8j5v7,0.0,0.0,0.0,6290097.0,486,0,;;;;;;;;;;
10542,20-05-2020 05:00,4135001,1BY6WEcLGh8j5v7,0.0,0.0,0.0,6290097.0,487,0,;;;;;;;;;;
10564,20-05-2020 05:15,4135001,1BY6WEcLGh8j5v7,0.0,0.0,0.0,6290097.0,488,0,;;;;;;;;;;
10586,20-05-2020 05:30,4135001,1BY6WEcLGh8j5v7,0.0,0.0,0.0,6290097.0,489,0,;;;;;;;;;;
10608,20-05-2020 05:45,4135001,1BY6WEcLGh8j5v7,0.0,0.0,0.0,6290097.0,490,147368360000,;;;;;;;;;;
10630,20-05-2020 06:00,4135001,1BY6WEcLGh8j5v7,97.71428571,9.442857143,0.285714286,6290097.286,491,0.0090117260933333335,;;;;;;;;;;
10652,20-05-2020 06:15,4135001,1BY6WEcLGh8j5v7,418.5,40.475,6.5,6290103.5,492,0.032105554733333333,;;;;;;;;;;
10674,20-05-2020 06:30,4135001,1BY6WEcLGh8j5v7,674.2857143,65.28571429,20.0,6290117.0,493,0.05103810273333334,;;;;;;;;;;
10696,20-05-2020 06:45,4135001,1BY6WEcLGh8j5v7,925.5,89.875,38.875,6290135.875,494,0.071391635466666672,;;;;;;;;;;
10718,20-05-2020 07:00,4135001,1BY6WEcLGh8j5v7,1564.714286,152.9571429,68.0,6290165.0,495,0.13203885633333337,;;;;;;;;;;
10740,20-05-2020 07:15,4135001,1BY6WEcLGh8j5v7,2411.75,236.5,116.75,6290213.75,496,0.19891289333333334,;;;;;;;;;;
10762,20-05-2020 07:30,4135001,1BY6WEcLGh8j5v7,3269.714286,321.2857143,185.5714286,6290282.571,497,0.2640124178571428,;;;;;;;;;;
10784,20-05-2020 07:45,4135001,1BY6WEcLGh8j5v7,4069.428571,399.7714286,269.0,6290366.0,498,0.325195026,;;;;;;;;;;
10806,20-05-2020 08:00,4135001,1BY6WEcLGh8j5v7,4911.25,481.65,378.0,6290475.0,499,0.39058480533333328,;;;;;;;;;;
10828,20-05-2020 08:15,4135001,1BY6WEcLGh8j5v7,5551.714286,544.1285714,510.0,6290607.0,500,0.43792027933333333,;;;;;;;;;;
10850,20-05-2020 08:30,4135001,1BY6WEcLGh8j5v7,6359.875,623.0875,658.0,6290755.0,501,0.498367802,;;;;;;;;;;
10872,20-05-2020 08:45,4135001,1BY6WEcLGh8j5v7,6598.285714,646.3285714,816.7142857,6290913.714,502,0.51046978133333343,;;;;;;;;;;
10894,20-05-2020 09:00,4135001,1BY6WEcLGh8j5v7,7395.875,724.15,985.875,6291082.875,503,0.57507380466666669,;;;;;;;;;;
10916,20-05-2020 09:15,4135001,1BY6WEcLGh8j5v7,7946.285714,777.8142857,1176.714286,6291273.714,504,0.61024615066666665,;;;;;;;;;;
10938,20-05-2020 09:30,4135001,1BY6WEcLGh8j5v7,8187.5,801.3375,1370.625,6291467.625,505,0.63741227933333333,;;;;;;;;;;
10960,20-05-2020 09:45,4135001,1BY6WEcLGh8j5v7,8991.571429,879.6571429,1580.0,6291677.0,506,0.70014278071428582,;;;;;;;;;;
10982,20-05-2020 10:00,4135001,1BY6WEcLGh8j5v7,9586.875,937.5875,1809.375,6291906.375,507,0.75168144533333325,;;;;;;;;;;
11004,20-05-2020 10:15,4135001,1BY6WEcLGh8j5v7,10213.28571,998.5142857,2054.0,6292151.0,508,0.80966957866666656,;;;;;;;;;;
11026,20-05-2020 10:30,4135001,1BY6WEcLGh8j5v7,10288.375,1005.8375,2310.75,6292407.75,509,0.80915042933333348,;;;;;;;;;;
11048,20-05-2020 10:45,4135001,1BY6WEcLGh8j5v7,10358.28571,1012.6,2560.142857,6292657.143,510,0.81481982000000019,;;;;;;;;;;
11070,20-05-2020 11:00,4135001,1BY6WEcLGh8j5v7,10813.75,1056.8875,2818.75,6292915.75,511,0.84885092066666656,;;;;;;;;;;
11092,20-05-2020 11:15,4135001,1BY6WEcLGh8j5v7,11327.14286,1106.585714,3088.428571,6293185.429,512,0.90006966066666672,;;;;;;;;;;
11114,20-05-2020 11:30,4135001,1BY6WEcLGh8j5v7,11746.57143,1146.271429,3349.428571,6293446.429,513,0.93859401000000009,;;;;;;;;;;
11136,20-05-2020 11:45,4135001,1BY6WEcLGh8j5v7,11514.25,1123.575,3639.25,6293736.25,514,0.91292942133333332,;;;;;;;;;;
11158,20-05-2020 12:00,4135001,1BY6WEcLGh8j5v7,11938.71429,1164.428571,3915.142857,6294012.143,515,0.96618545666666678,;;;;;;;;;;
11180,20-05-2020 12:15,4135001,1BY6WEcLGh8j5v7,12094.5,1179.225,4219.125,6294316.125,516,0.97516130357142861,;;;;;;;;;;
11202,20-05-2020 12:30,4135001,1BY6WEcLGh8j5v7,12003.85714,1170.528571,4515.285714,6294612.286,517,0.96789008933333343,;;;;;;;;;;
11224,20-05-2020 12:45,4135001,1BY6WEcLGh8j5v7,11994.625,1169.4625,4805.25,6294902.25,518,0.96692220933333339,;;;;;;;;;;
11246,20-05-2020 13:00,4135001,1BY6WEcLGh8j5v7,11542.28571,1126.242857,5092.285714,6295189.286,519,0.89780281999999989,;;;;;;;;;;
11268,20-05-2020 13:15,4135001,1BY6WEcLGh8j5v7,11330.83333,1106.733333,5333.166667,6295430.167,520,0.90246168090909085,;;;;;;;;;;
11290,20-05-2020 17:30,4135001,1BY6WEcLGh8j5v7,1715.0,168.1,8180.0,6298277.0,521,0.136164155,;;;;;;;;;;
11312,20-05-2020 17:45,4135001,1BY6WEcLGh8j5v7,1430.142857,139.5,8204.285714,6298301.286,522,0.11193249133333334,;;;;;;;;;;
11334,20-05-2020 18:00,4135001,1BY6WEcLGh8j5v7,764.875,74.175,8231.0,6298328.0,523,0.060132061266666668,;;;;;;;;;;
11356,20-05-2020 18:15,4135001,1BY6WEcLGh8j5v7,326.4285714,31.55714286,8244.428571,6298341.429,524,0.026352906466666666,;;;;;;;;;;
11378,20-05-2020 18:30,4135001,1BY6WEcLGh8j5v7,48.85714286,4.7,8248.714286,6298345.714,525,0.0047339318343333327,;;;;;;;;;;
11400,20-05-2020 18:45,4135001,1BY6WEcLGh8j5v7,0.0,0.0,8249.0,6298346.0,526,992009574285.714,;;;;;;;;;;
11422,20-05-2020 19:00,4135001,1BY6WEcLGh8j5v7,0.0,0.0,8249.0,6298346.0,527,0,;;;;;;;;;;
11444,20-05-2020 19:15,4135001,1BY6WEcLGh8j5v7,0.0,0.0,8249.0,6298346.0,528,0,;;;;;;;;;;
11466,20-05-2020 19:30,4135001,1BY6WEcLGh8j5v7,0.0,0.0,8249.0,6298346.0,529,0,;;;;;;;;;;
11488,20-05-2020 19:45,4135001,1BY6WEcLGh8j5v7,0.0,0.0,8249.0,6298346.0,530,0,;;;;;;;;;;
11510,20-05-2020 20:00,4135001,1BY6WEcLGh8j5v7,0.0,0.0,8249.0,6298346.0,531,0,;;;;;;;;;;
11532,20-05-2020 20:15,4135001,1BY6WEcLGh8j5v7,0.0,0.0,8249.0,6298346.0,532,0,;;;;;;;;;;
11554,20-05-2020 20:30,4135001,1BY6WEcLGh8j5v7,0.0,0.0,8249.0,6298346.0,533,0,;;;;;;;;;;
11576,20-05-2020 20:45,4135001,1BY6WEcLGh8j5v7,0.0,0.0,8249.0,6298346.0,534,0,;;;;;;;;;;
11598,20-05-2020 21:00,4135001,1BY6WEcLGh8j5v7,0.0,0.0,8249.0,6298346.0,535,0,;;;;;;;;;;
11620,20-05-2020 21:15,4135001,1BY6WEcLGh8j5v7,0.0,0.0,8249.0,6298346.0,536,0,;;;;;;;;;;
11642,20-05-2020 21:30,4135001,1BY6WEcLGh8j5v7,0.0,0.0,8249.0,6298346.0,537,0,;;;;;;;;;;
11664,20-05-2020 21:45,4135001,1BY6WEcLGh8j5v7,0.0,0.0,8249.0,6298346.0,538,0,;;;;;;;;;;
11686,20-05-2020 22:00,4135001,1BY6WEcLGh8j5v7,0.0,0.0,8249.0,6298346.0,539,0,;;;;;;;;;;
11708,20-05-2020 22:15,4135001,1BY6WEcLGh8j5v7,0.0,0.0,8249.0,6298346.0,540,0,;;;;;;;;;;
11730,20-05-2020 22:30,4135001,1BY6WEcLGh8j5v7,0.0,0.0,8249.0,6298346.0,541,0,;;;;;;;;;;
11752,20-05-2020 22:45,4135001,1BY6WEcLGh8j5v7,0.0,0.0,8249.0,6298346.0,542,0,;;;;;;;;;;
11774,21-05-2020 07:45,4135001,1BY6WEcLGh8j5v7,3946.25,387.775,296.25,6298642.25,543,0,;;;;;;;;;;
11796,21-05-2020 08:00,4135001,1BY6WEcLGh8j5v7,3089.833333,303.1166667,241.3333333,6298697.0,544,0,;;;;;;;;;;
11818,21-05-2020 08:15,4135001,1BY6WEcLGh8j5v7,5397.875,529.0875,460.875,6298806.875,545,0,;;;;;;;;;;
11840,21-05-2020 08:30,4135001,1BY6WEcLGh8j5v7,6313.285714,618.4857143,603.5714286,6298949.571,546,0,;;;;;;;;;;
11862,21-05-2020 08:45,4135001,1BY6WEcLGh8j5v7,7093.714286,694.6714286,756.0,6299102.0,547,0,;;;;;;;;;;
11884,21-05-2020 09:00,4135001,1BY6WEcLGh8j5v7,7514.375,735.7,935.625,6299281.625,548,0,;;;;;;;;;;
11906,21-05-2020 09:15,4135001,1BY6WEcLGh8j5v7,7762.285714,759.7714286,1125.714286,6299471.714,549,0,;;;;;;;;;;
11928,21-05-2020 09:30,4135001,1BY6WEcLGh8j5v7,9090.5,889.2625,1335.75,6299681.75,550,0.32239604909090913,;;;;;;;;;;
11950,21-05-2020 09:45,4135001,1BY6WEcLGh8j5v7,9877.571429,965.8714286,1568.857143,6299914.857,551,0.3646781813333333,;;;;;;;;;;
11972,21-05-2020 10:00,4135001,1BY6WEcLGh8j5v7,6160.571429,602.6,1257.857143,6300099.571,552,0.39603535800000006,;;;;;;;;;;
11994,21-05-2020 10:15,4135001,1BY6WEcLGh8j5v7,5702.714286,558.6571429,1883.0,6300229.0,553,0.45400125866666668,;;;;;;;;;;
12016,21-05-2020 10:30,4135001,1BY6WEcLGh8j5v7,8572.0,837.625,2085.0,6300431.0,554,0.55831090866666677,;;;;;;;;;;
12038,21-05-2020 10:45,4135001,1BY6WEcLGh8j5v7,9868.142857,963.8,2303.285714,6300649.286,555,0.63028283666666662,;;;;;;;;;;
12060,21-05-2020 11:00,4135001,1BY6WEcLGh8j5v7,10367.0,1011.885714,2505.857143,6300851.857,556,0.67644822214285727,;;;;;;;;;;
12082,21-05-2020 11:15,4135001,1BY6WEcLGh8j5v7,11500.0,1122.0,2802.375,6301148.375,557,0.73259713266666671,;;;;;;;;;;
12104,21-05-2020 11:30,4135001,1BY6WEcLGh8j5v7,10900.14286,1063.628571,3074.857143,6301420.857,558,0.77223797533333338,;;;;;;;;;;
12126,21-05-2020 11:45,4135001,1BY6WEcLGh8j5v7,11809.0,1152.05,3351.625,6301697.625,559,0.70056636,;;;;;;;;;;
12148,21-05-2020 12:00,4135001,1BY6WEcLGh8j5v7,9981.714286,974.4571429,3642.857143,6301988.857,560,0.50432232733333326,;;;;;;;;;;
12170,21-05-2020 12:15,4135001,1BY6WEcLGh8j5v7,9762.625,953.55,3857.5,6302203.5,561,0.81542697133333331,;;;;;;;;;;
12192,21-05-2020 12:30,4135001,1BY6WEcLGh8j5v7,6911.285714,676.8285714,4073.428571,6302419.429,562,0.754716712,;;;;;;;;;;
12214,21-05-2020 12:45,4135001,1BY6WEcLGh8j5v7,8430.25,824.4,4273.375,6302619.375,563,0.72353432933333339,;;;;;;;;;;
12236,21-05-2020 13:00,4135001,1BY6WEcLGh8j5v7,10542.71429,1029.1,4498.0,6302844.0,564,10389913628571400,;;;;;;;;;;
12258,21-05-2020 13:15,4135001,1BY6WEcLGh8j5v7,11813.875,1152.2375,4771.0,6303117.0,565,1033489496666660,;;;;;;;;;;
12280,21-05-2020 13:30,4135001,1BY6WEcLGh8j5v7,11680.71429,1139.6,5068.428571,6303414.429,566,0.88776189600000011,;;;;;;;;;;
12302,21-05-2020 13:45,4135001,1BY6WEcLGh8j5v7,9403.875,917.95,5329.625,6303675.625,567,0.892777234,;;;;;;;;;;
12324,21-05-2020 14:00,4135001,1BY6WEcLGh8j5v7,8413.428571,822.3285714,5539.428571,6303885.429,568,0.88795753733333338,;;;;;;;;;;
12346,21-05-2020 14:15,4135001,1BY6WEcLGh8j5v7,7828.25,765.2375,5731.5,6304077.5,569,0.58013436333333335,;;;;;;;;;;
12368,21-05-2020 14:30,4135001,1BY6WEcLGh8j5v7,8653.857143,846.5428571,5916.714286,6304262.714,570,0.74664390133333336,;;;;;;;;;;
12390,21-05-2020 14:45,4135001,1BY6WEcLGh8j5v7,6699.125,655.9,6104.5,6304450.5,571,0.80046960666666678,;;;;;;;;;;
12412,21-05-2020 15:00,4135001,1BY6WEcLGh8j5v7,10100.42857,987.5571429,6303.285714,6304649.286,572,0.96181995733333325,;;;;;;;;;;
12434,21-05-2020 15:15,4135001,1BY6WEcLGh8j5v7,5619.571429,550.8285714,6484.428571,6304830.429,573,0.7764669535714287,;;;;;;;;;;
12456,21-05-2020 15:30,4135001,1BY6WEcLGh8j5v7,6464.5,633.275,6624.75,6304970.75,574,0.8612832686666666,;;;;;;;;;;
12478,21-05-2020 15:45,4135001,1BY6WEcLGh8j5v7,5167.428571,506.7285714,6782.714286,6305128.714,575,0.741254446,;;;;;;;;;;
12500,21-05-2020 16:00,4135001,1BY6WEcLGh8j5v7,3843.875,377.75,6890.625,6305236.625,576,0.63290133200000009,;;;;;;;;;;
12522,21-05-2020 16:15,4135001,1BY6WEcLGh8j5v7,3180.285714,312.4,6976.428571,6305322.429,577,0.45856069199999994,;;;;;;;;;;
12544,21-05-2020 16:30,4135001,1BY6WEcLGh8j5v7,3912.125,384.2125,7058.25,6305404.25,578,0.61339980800000016,;;;;;;;;;;
12566,21-05-2020 16:45,4135001,1BY6WEcLGh8j5v7,2246.285714,220.2428571,7144.285714,6305490.286,579,0.74092052466666669,;;;;;;;;;;
12588,21-05-2020 17:00,4135001,1BY6WEcLGh8j5v7,997.75,96.95,7181.125,6305527.125,580,0.35591293733333329,;;;;;;;;;;
12610,21-05-2020 17:15,4135001,1BY6WEcLGh8j5v7,705.0,68.31428571,7201.571429,6305547.571,581,0.563544357142857,;;;;;;;;;;
12632,21-05-2020 17:30,4135001,1BY6WEcLGh8j5v7,546.75,52.9125,7216.625,6305562.625,582,0.37429296066666667,;;;;;;;;;;
12654,21-05-2020 17:45,4135001,1BY6WEcLGh8j5v7,402.2857143,38.87142857,7228.142857,6305574.143,583,0.27355741600000005,;;;;;;;;;;
12676,21-05-2020 18:00,4135001,1BY6WEcLGh8j5v7,287.625,27.8125,7236.75,6305582.75,584,0.23968286333333336,;;;;;;;;;;
12698,21-05-2020 18:15,4135001,1BY6WEcLGh8j5v7,115.7142857,11.15714286,7241.857143,6305587.857,585,0.3015704806666667,;;;;;;;;;;
12714,21-05-2020 18:30,4135001,1BY6WEcLGh8j5v7,0.0,0.0,7243.0,6305589.0,586,0.1652971236,;;;;;;;;;;
12728,21-05-2020 18:45,4135001,1BY6WEcLGh8j5v7,0.0,0.0,7243.0,6305589.0,587,0.070541485500000015,;;;;;;;;;;
12742,21-05-2020 19:00,4135001,1BY6WEcLGh8j5v7,0.0,0.0,7243.0,6305589.0,588,0.0500169534,;;;;;;;;;;
12756,21-05-2020 19:15,4135001,1BY6WEcLGh8j5v7,0.0,0.0,7243.0,6305589.0,589,0.039089017000000004,;;;;;;;;;;
12770,21-05-2020 19:30,4135001,1BY6WEcLGh8j5v7,0.0,0.0,7243.0,6305589.0,590,0.029371944466666671,;;;;;;;;;;
12784,21-05-2020 19:45,4135001,1BY6WEcLGh8j5v7,0.0,0.0,7243.0,6305589.0,591,0.021287069199999998,;;;;;;;;;;
12798,21-05-2020 20:00,4135001,1BY6WEcLGh8j5v7,0.0,0.0,7243.0,6305589.0,592,0.01005088592,;;;;;;;;;;
12812,21-05-2020 20:15,4135001,1BY6WEcLGh8j5v7,0.0,0.0,7243.0,6305589.0,593,0.0015678459913333331,;;;;;;;;;;
12834,21-05-2020 20:30,4135001,1BY6WEcLGh8j5v7,0.0,0.0,7243.0,6305589.0,594,0,;;;;;;;;;;
12856,21-05-2020 20:45,4135001,1BY6WEcLGh8j5v7,0.0,0.0,7243.0,6305589.0,595,0,;;;;;;;;;;
12878,21-05-2020 21:00,4135001,1BY6WEcLGh8j5v7,0.0,0.0,7243.0,6305589.0,596,0,;;;;;;;;;;
12900,21-05-2020 21:15,4135001,1BY6WEcLGh8j5v7,0.0,0.0,7243.0,6305589.0,597,0,;;;;;;;;;;
12922,21-05-2020 21:30,4135001,1BY6WEcLGh8j5v7,0.0,0.0,7243.0,6305589.0,598,0,;;;;;;;;;;
12944,21-05-2020 21:45,4135001,1BY6WEcLGh8j5v7,0.0,0.0,7243.0,6305589.0,599,0,;;;;;;;;;;
12966,21-05-2020 22:00,4135001,1BY6WEcLGh8j5v7,0.0,0.0,7243.0,6305589.0,600,0,;;;;;;;;;;
12988,21-05-2020 22:15,4135001,1BY6WEcLGh8j5v7,0.0,0.0,7243.0,6305589.0,601,0,;;;;;;;;;;
13010,21-05-2020 22:30,4135001,1BY6WEcLGh8j5v7,0.0,0.0,7243.0,6305589.0,602,0,;;;;;;;;;;
13032,21-05-2020 22:45,4135001,1BY6WEcLGh8j5v7,0.0,0.0,7243.0,6305589.0,603,0,;;;;;;;;;;
13054,21-05-2020 23:00,4135001,1BY6WEcLGh8j5v7,0.0,0.0,7243.0,6305589.0,604,0,;;;;;;;;;;
13076,21-05-2020 23:15,4135001,1BY6WEcLGh8j5v7,0.0,0.0,7243.0,6305589.0,605,0,;;;;;;;;;;
13098,21-05-2020 23:30,4135001,1BY6WEcLGh8j5v7,0.0,0.0,7243.0,6305589.0,606,0,;;;;;;;;;;
13120,21-05-2020 23:45,4135001,1BY6WEcLGh8j5v7,0.0,0.0,7243.0,6305589.0,607,0,;;;;;;;;;;
13142,22-05-2020 00:00,4135001,1BY6WEcLGh8j5v7,0.0,0.0,905.375,6305589.0,608,0,;;;;;;;;;;
13164,22-05-2020 00:15,4135001,1BY6WEcLGh8j5v7,0.0,0.0,0.0,6305589.0,609,0,;;;;;;;;;;
13186,22-05-2020 00:30,4135001,1BY6WEcLGh8j5v7,0.0,0.0,0.0,6305589.0,610,0,;;;;;;;;;;
13208,22-05-2020 00:45,4135001,1BY6WEcLGh8j5v7,0.0,0.0,0.0,6305589.0,611,0,;;;;;;;;;;
13230,22-05-2020 01:00,4135001,1BY6WEcLGh8j5v7,0.0,0.0,0.0,6305589.0,612,0,;;;;;;;;;;
13252,22-05-2020 01:15,4135001,1BY6WEcLGh8j5v7,0.0,0.0,0.0,6305589.0,613,0,;;;;;;;;;;
13274,22-05-2020 01:30,4135001,1BY6WEcLGh8j5v7,0.0,0.0,0.0,6305589.0,614,0,;;;;;;;;;;
13296,22-05-2020 01:45,4135001,1BY6WEcLGh8j5v7,0.0,0.0,0.0,6305589.0,615,0,;;;;;;;;;;
13318,22-05-2020 02:00,4135001,1BY6WEcLGh8j5v7,0.0,0.0,0.0,6305589.0,616,0,;;;;;;;;;;
13340,22-05-2020 02:15,4135001,1BY6WEcLGh8j5v7,0.0,0.0,0.0,6305589.0,617,0,;;;;;;;;;;
13362,22-05-2020 02:30,4135001,1BY6WEcLGh8j5v7,0.0,0.0,0.0,6305589.0,618,0,;;;;;;;;;;
13384,22-05-2020 02:45,4135001,1BY6WEcLGh8j5v7,0.0,0.0,0.0,6305589.0,619,0,;;;;;;;;;;
13406,22-05-2020 03:00,4135001,1BY6WEcLGh8j5v7,0.0,0.0,0.0,6305589.0,620,0,;;;;;;;;;;
13428,22-05-2020 03:15,4135001,1BY6WEcLGh8j5v7,0.0,0.0,0.0,6305589.0,621,0,;;;;;;;;;;
13450,22-05-2020 03:30,4135001,1BY6WEcLGh8j5v7,0.0,0.0,0.0,6305589.0,622,0,;;;;;;;;;;
13472,22-05-2020 03:45,4135001,1BY6WEcLGh8j5v7,0.0,0.0,0.0,6305589.0,623,0,;;;;;;;;;;
13494,22-05-2020 04:00,4135001,1BY6WEcLGh8j5v7,0.0,0.0,0.0,6305589.0,624,0,;;;;;;;;;;
13516,22-05-2020 04:15,4135001,1BY6WEcLGh8j5v7,0.0,0.0,0.0,6305589.0,625,0,;;;;;;;;;;
13538,22-05-2020 04:30,4135001,1BY6WEcLGh8j5v7,0.0,0.0,0.0,6305589.0,626,0,;;;;;;;;;;
13560,22-05-2020 04:45,4135001,1BY6WEcLGh8j5v7,0.0,0.0,0.0,6305589.0,627,0,;;;;;;;;;;
13582,22-05-2020 05:00,4135001,1BY6WEcLGh8j5v7,0.0,0.0,0.0,6305589.0,628,0,;;;;;;;;;;
13604,22-05-2020 05:15,4135001,1BY6WEcLGh8j5v7,0.0,0.0,0.0,6305589.0,629,0,;;;;;;;;;;
13626,22-05-2020 05:30,4135001,1BY6WEcLGh8j5v7,0.0,0.0,0.0,6305589.0,630,0,;;;;;;;;;;
13648,22-05-2020 05:45,4135001,1BY6WEcLGh8j5v7,0.0,0.0,0.0,6305589.0,631,0,;;;;;;;;;;
13670,22-05-2020 06:00,4135001,1BY6WEcLGh8j5v7,218.2857143,21.08571429,1.142857143,6305590.143,632,0,;;;;;;;;;;
13692,22-05-2020 06:15,4135001,1BY6WEcLGh8j5v7,522.8571429,50.57142857,10.28571429,6305599.286,633,0,;;;;;;;;;;
13714,22-05-2020 06:30,4135001,1BY6WEcLGh8j5v7,830.375,80.6,26.125,6305615.125,634,0,;;;;;;;;;;
13736,22-05-2020 06:45,4135001,1BY6WEcLGh8j5v7,1107.285714,107.6142857,49.42857143,6305638.429,635,0,;;;;;;;;;;
13758,22-05-2020 07:00,4135001,1BY6WEcLGh8j5v7,1703.75,166.4375,81.375,6305670.375,636,0,;;;;;;;;;;
13780,22-05-2020 07:15,4135001,1BY6WEcLGh8j5v7,3321.285714,326.2428571,141.8571429,6305730.857,637,0,;;;;;;;;;;
13802,22-05-2020 07:30,4135001,1BY6WEcLGh8j5v7,4229.375,415.4875,239.875,6305828.875,638,0.0010673070493333334,;;;;;;;;;;
13824,22-05-2020 07:45,4135001,1BY6WEcLGh8j5v7,4119.571429,404.4428571,342.0,6305931.0,639,0.016854855826666671,;;;;;;;;;;
13846,22-05-2020 08:00,4135001,1BY6WEcLGh8j5v7,4966.0,486.925,455.125,6306044.125,640,0.040360720733333334,;;;;;;;;;;
13868,22-05-2020 08:15,4135001,1BY6WEcLGh8j5v7,4475.142857,438.8,577.2857143,6306166.286,641,0.064661082133333325,;;;;;;;;;;
13890,22-05-2020 08:30,4135001,1BY6WEcLGh8j5v7,2477.125,242.9125,653.125,6306242.125,642,0.085898604928571431,;;;;;;;;;;
13912,22-05-2020 08:45,4135001,1BY6WEcLGh8j5v7,3656.428571,359.2428571,724.2857143,6306313.286,643,0.11089174720000002,;;;;;;;;;;
13934,22-05-2020 09:00,4135001,1BY6WEcLGh8j5v7,4654.125,456.625,829.0,6306418.0,644,0.27900377533333337,;;;;;;;;;;
13956,22-05-2020 09:15,4135001,1BY6WEcLGh8j5v7,5106.428571,500.6,953.7142857,6306542.714,645,0.35599499866666667,;;;;;;;;;;
13978,22-05-2020 09:30,4135001,1BY6WEcLGh8j5v7,6607.125,647.1875,1104.0,6306693.0,646,0.34544154266666666,;;;;;;;;;;
14000,22-05-2020 09:45,4135001,1BY6WEcLGh8j5v7,5051.571429,495.4285714,1238.0,6306827.0,647,0.39291789066666671,;;;;;;;;;;
14022,22-05-2020 10:00,4135001,1BY6WEcLGh8j5v7,6613.375,647.3125,1374.0,6306963.0,648,0.35850627266666668,;;;;;;;;;;
14044,22-05-2020 10:15,4135001,1BY6WEcLGh8j5v7,11312.28571,1103.528571,1563.857143,6307152.857,649,0.18846180714285718,;;;;;;;;;;
14066,22-05-2020 10:30,4135001,1BY6WEcLGh8j5v7,7124.571429,697.1714286,1794.571429,6307383.571,650,0.26709407733333346,;;;;;;;;;;
14088,22-05-2020 10:45,4135001,1BY6WEcLGh8j5v7,6499.25,636.2125,1929.75,6307518.75,651,0.37300118999999993,;;;;;;;;;;
14110,22-05-2020 11:00,4135001,1BY6WEcLGh8j5v7,7618.285714,744.8,2134.857143,6307723.857,652,0.38608125666666665,;;;;;;;;;;
14132,22-05-2020 11:15,4135001,1BY6WEcLGh8j5v7,7977.5,780.0875,2299.625,6307888.625,653,0.43858643933333336,;;;;;;;;;;
14154,22-05-2020 11:30,4135001,1BY6WEcLGh8j5v7,13335.14286,1300.171429,2586.0,6308175.0,654,0.37592195066666667,;;;;;;;;;;
14176,22-05-2020 11:45,4135001,1BY6WEcLGh8j5v7,11865.625,1157.6,2891.25,6308480.25,655,0.54268741333333337,;;;;;;;;;;
14198,22-05-2020 12:00,4135001,1BY6WEcLGh8j5v7,12689.14286,1237.528571,3196.142857,6308785.143,656,0.63854485,;;;;;;;;;;
14220,22-05-2020 12:15,4135001,1BY6WEcLGh8j5v7,8427.0,824.45,3448.5,6309037.5,657,0.41565164428571427,;;;;;;;;;;
14242,22-05-2020 12:30,4135001,1BY6WEcLGh8j5v7,6847.285714,670.0285714,3639.857143,6309228.857,658,0.70914654933333332,;;;;;;;;;;
14264,22-05-2020 12:45,4135001,1BY6WEcLGh8j5v7,9144.5,893.3625,3821.0,6309410.0,659,0.608488516,;;;;;;;;;;
14286,22-05-2020 13:00,4135001,1BY6WEcLGh8j5v7,12538.28571,1222.914286,4094.142857,6309683.143,660,0.553059376,;;;;;;;;;;
14308,22-05-2020 13:15,4135001,1BY6WEcLGh8j5v7,11465.875,1118.65,4392.0,6309981.0,661,0.999309628,;;;;;;;;;;
14330,22-05-2020 13:30,4135001,1BY6WEcLGh8j5v7,11313.85714,1104.271429,4685.571429,6310274.571,662,10477749826666600,;;;;;;;;;;
14352,22-05-2020 13:45,4135001,1BY6WEcLGh8j5v7,10069.125,983.0375,4940.875,6310529.875,663,10318606821428500,;;;;;;;;;;
14374,22-05-2020 14:00,4135001,1BY6WEcLGh8j5v7,8017.714286,783.3428571,5157.857143,6310746.857,664,0.81175545666666671,;;;;;;;;;;
14396,22-05-2020 14:15,4135001,1BY6WEcLGh8j5v7,7148.0,699.6857143,5349.857143,6310938.857,665,0.76244673266666663,;;;;;;;;;;
14418,22-05-2020 14:30,4135001,1BY6WEcLGh8j5v7,10388.625,1015.575,5566.875,6311155.875,666,0.917253122,;;;;;;;;;;
14440,22-05-2020 14:45,4135001,1BY6WEcLGh8j5v7,9724.714286,951.0142857,5811.571429,6311400.571,667,0.81484390800000017,;;;;;;;;;;
14462,22-05-2020 15:00,4135001,1BY6WEcLGh8j5v7,8429.375,824.775,6042.5,6311631.5,668,0.82566470733333341,;;;;;;;;;;
14484,22-05-2020 15:15,4135001,1BY6WEcLGh8j5v7,6745.571429,660.5428571,6218.285714,6311807.286,669,0.814901278,;;;;;;;;;;
14506,22-05-2020 15:30,4135001,1BY6WEcLGh8j5v7,3916.625,384.375,6348.625,6311937.625,670,0.69305701866666669,;;;;;;;;;;
14528,22-05-2020 15:45,4135001,1BY6WEcLGh8j5v7,4687.142857,459.8857143,6460.714286,6312049.714,671,0.76054729142857147,;;;;;;;;;;
14550,22-05-2020 16:00,4135001,1BY6WEcLGh8j5v7,3043.75,298.8,6544.0,6312133.0,672,0.6065786866666667,;;;;;;;;;;
14572,22-05-2020 16:15,4135001,1BY6WEcLGh8j5v7,2642.0,259.1,6615.428571,6312204.429,673,0.809865482,;;;;;;;;;;
14594,22-05-2020 16:30,4135001,1BY6WEcLGh8j5v7,2107.0,206.5625,6672.875,6312261.875,674,0.77987240333333341,;;;;;;;;;;
14616,22-05-2020 16:45,4135001,1BY6WEcLGh8j5v7,1817.857143,178.1857143,6721.571429,6312310.571,675,0.72793743733333327,;;;;;;;;;;
14638,22-05-2020 17:00,4135001,1BY6WEcLGh8j5v7,1514.875,147.925,6762.125,6312351.125,676,0.468398362,;;;;;;;;;;
14660,22-05-2020 17:15,4135001,1BY6WEcLGh8j5v7,1120.857143,108.9714286,6796.142857,6312385.143,677,0.34654965333333332,;;;;;;;;;;
14682,22-05-2020 17:30,4135001,1BY6WEcLGh8j5v7,752.125,72.9375,6818.375,6312407.375,678,0.31808749071428577,;;;;;;;;;;
14704,22-05-2020 17:45,4135001,1BY6WEcLGh8j5v7,480.0,46.44285714,6833.428571,6312422.429,679,0.223404308,;;;;;;;;;;
14726,22-05-2020 18:00,4135001,1BY6WEcLGh8j5v7,273.0,26.35714286,6841.714286,6312430.714,680,0.19513425199999998,;;;;;;;;;;
14748,22-05-2020 18:15,4135001,1BY6WEcLGh8j5v7,112.0,10.825,6846.5,6312435.5,681,0.15628540733333335,;;;;;;;;;;
14770,22-05-2020 18:30,4135001,1BY6WEcLGh8j5v7,0.0,0.0,6848.0,6312437.0,682,0.13587599866666669,;;;;;;;;;;
14792,22-05-2020 18:45,4135001,1BY6WEcLGh8j5v7,0.0,0.0,6848.0,6312437.0,683,0.11321721946666669,;;;;;;;;;;
14802,22-05-2020 19:00,4135001,1BY6WEcLGh8j5v7,0.0,0.0,6848.0,6312437.0,684,0.083773294933333339,;;;;;;;;;;
14812,22-05-2020 19:15,4135001,1BY6WEcLGh8j5v7,0.0,0.0,6848.0,6312437.0,685,0.0560736594,;;;;;;;;;;
14822,22-05-2020 19:30,4135001,1BY6WEcLGh8j5v7,0.0,0.0,6848.0,6312437.0,686,0.036903588571428572,;;;;;;;;;;
14832,22-05-2020 19:45,4135001,1BY6WEcLGh8j5v7,0.0,0.0,6848.0,6312437.0,687,0.021403631866666668,;;;;;;;;;;
14842,22-05-2020 20:00,4135001,1BY6WEcLGh8j5v7,0.0,0.0,6848.0,6312437.0,688,0.0099927644066666686,;;;;;;;;;;
14852,22-05-2020 20:15,4135001,1BY6WEcLGh8j5v7,0.0,0.0,6848.0,6312437.0,689,0.0020025813973333336,;;;;;;;;;;
14862,22-05-2020 20:30,4135001,1BY6WEcLGh8j5v7,0.0,0.0,6848.0,6312437.0,690,276082723999.999,;;;;;;;;;;
14884,22-05-2020 20:45,4135001,1BY6WEcLGh8j5v7,0.0,0.0,6848.0,6312437.0,691,0,;;;;;;;;;;
14906,22-05-2020 21:00,4135001,1BY6WEcLGh8j5v7,0.0,0.0,6848.0,6312437.0,692,0,;;;;;;;;;;
14928,22-05-2020 21:15,4135001,1BY6WEcLGh8j5v7,0.0,0.0,6848.0,6312437.0,693,0,;;;;;;;;;;
14950,22-05-2020 21:30,4135001,1BY6WEcLGh8j5v7,0.0,0.0,6848.0,6312437.0,694,0,;;;;;;;;;;
14972,22-05-2020 21:45,4135001,1BY6WEcLGh8j5v7,0.0,0.0,6848.0,6312437.0,695,0,;;;;;;;;;;
14994,22-05-2020 22:00,4135001,1BY6WEcLGh8j5v7,0.0,0.0,6848.0,6312437.0,696,0,;;;;;;;;;;
15016,22-05-2020 22:15,4135001,1BY6WEcLGh8j5v7,0.0,0.0,6848.0,6312437.0,697,0,;;;;;;;;;;
15038,22-05-2020 22:30,4135001,1BY6WEcLGh8j5v7,0.0,0.0,6848.0,6312437.0,698,0,;;;;;;;;;;
15060,22-05-2020 22:45,4135001,1BY6WEcLGh8j5v7,0.0,0.0,6848.0,6312437.0,699,0,;;;;;;;;;;
15082,22-05-2020 23:00,4135001,1BY6WEcLGh8j5v7,0.0,0.0,6848.0,6312437.0,700,0,;;;;;;;;;;
15104,22-05-2020 23:15,4135001,1BY6WEcLGh8j5v7,0.0,0.0,6848.0,6312437.0,701,0,;;;;;;;;;;
15126,22-05-2020 23:30,4135001,1BY6WEcLGh8j5v7,0.0,0.0,6848.0,6312437.0,702,0,;;;;;;;;;;
15148,22-05-2020 23:45,4135001,1BY6WEcLGh8j5v7,0.0,0.0,6848.0,6312437.0,703,0,;;;;;;;;;;
15170,23-05-2020 00:00,4135001,1BY6WEcLGh8j5v7,0.0,0.0,856.0,6312437.0,704,0,;;;;;;;;;;
15192,23-05-2020 00:15,4135001,1BY6WEcLGh8j5v7,0.0,0.0,0.0,6312437.0,705,0,;;;;;;;;;;
15214,23-05-2020 00:30,4135001,1BY6WEcLGh8j5v7,0.0,0.0,0.0,6312437.0,706,0,;;;;;;;;;;
15236,23-05-2020 00:45,4135001,1BY6WEcLGh8j5v7,0.0,0.0,0.0,6312437.0,707,0,;;;;;;;;;;
15258,23-05-2020 01:00,4135001,1BY6WEcLGh8j5v7,0.0,0.0,0.0,6312437.0,708,0,;;;;;;;;;;
15280,23-05-2020 01:15,4135001,1BY6WEcLGh8j5v7,0.0,0.0,0.0,6312437.0,709,0,;;;;;;;;;;
15302,23-05-2020 01:30,4135001,1BY6WEcLGh8j5v7,0.0,0.0,0.0,6312437.0,710,0,;;;;;;;;;;
15324,23-05-2020 01:45,4135001,1BY6WEcLGh8j5v7,0.0,0.0,0.0,6312437.0,711,0,;;;;;;;;;;
15346,23-05-2020 02:00,4135001,1BY6WEcLGh8j5v7,0.0,0.0,0.0,6312437.0,712,0,;;;;;;;;;;
15368,23-05-2020 02:15,4135001,1BY6WEcLGh8j5v7,0.0,0.0,0.0,6312437.0,713,0,;;;;;;;;;;
15390,23-05-2020 02:30,4135001,1BY6WEcLGh8j5v7,0.0,0.0,0.0,6312437.0,714,0,;;;;;;;;;;
15412,23-05-2020 02:45,4135001,1BY6WEcLGh8j5v7,0.0,0.0,0.0,6312437.0,715,0,;;;;;;;;;;
15434,23-05-2020 03:00,4135001,1BY6WEcLGh8j5v7,0.0,0.0,0.0,6312437.0,716,0,;;;;;;;;;;
15456,23-05-2020 03:15,4135001,1BY6WEcLGh8j5v7,0.0,0.0,0.0,6312437.0,717,0,;;;;;;;;;;
15478,23-05-2020 03:30,4135001,1BY6WEcLGh8j5v7,0.0,0.0,0.0,6312437.0,718,0,;;;;;;;;;;
15500,23-05-2020 03:45,4135001,1BY6WEcLGh8j5v7,0.0,0.0,0.0,6312437.0,719,0,;;;;;;;;;;
15522,23-05-2020 04:00,4135001,1BY6WEcLGh8j5v7,0.0,0.0,0.0,6312437.0,720,0,;;;;;;;;;;
15544,23-05-2020 04:15,4135001,1BY6WEcLGh8j5v7,0.0,0.0,0.0,6312437.0,721,0,;;;;;;;;;;
15566,23-05-2020 04:30,4135001,1BY6WEcLGh8j5v7,0.0,0.0,0.0,6312437.0,722,0,;;;;;;;;;;
15588,23-05-2020 04:45,4135001,1BY6WEcLGh8j5v7,0.0,0.0,0.0,6312437.0,723,0,;;;;;;;;;;
15610,23-05-2020 05:00,4135001,1BY6WEcLGh8j5v7,0.0,0.0,0.0,6312437.0,724,0,;;;;;;;;;;
15632,23-05-2020 06:45,4135001,1BY6WEcLGh8j5v7,611.5,59.2,23.16666667,6312460.167,725,0,;;;;;;;;;;
15654,23-05-2020 07:00,4135001,1BY6WEcLGh8j5v7,956.375,92.8875,41.125,6312478.125,726,0,;;;;;;;;;;
15676,23-05-2020 07:15,4135001,1BY6WEcLGh8j5v7,1987.428571,194.6857143,74.57142857,6312511.571,727,0,;;;;;;;;;;
15698,23-05-2020 07:30,4135001,1BY6WEcLGh8j5v7,2983.875,292.9,137.375,6312574.375,728,0,;;;;;;;;;;
15720,23-05-2020 07:45,4135001,1BY6WEcLGh8j5v7,3438.857143,338.0571429,216.0,6312653.0,729,0,;;;;;;;;;;
15742,23-05-2020 08:00,4135001,1BY6WEcLGh8j5v7,4058.75,398.5,303.75,6312740.75,730,0,;;;;;;;;;;
15764,23-05-2020 08:15,4135001,1BY6WEcLGh8j5v7,6684.428571,654.7571429,428.4285714,6312865.429,731,0,;;;;;;;;;;
15786,23-05-2020 08:30,4135001,1BY6WEcLGh8j5v7,7338.375,718.55,612.0,6313049.0,732,0,;;;;;;;;;;
15808,23-05-2020 08:45,4135001,1BY6WEcLGh8j5v7,7274.857143,712.3714286,792.1428571,6313229.143,733,0.045444284166666668,;;;;;;;;;;
15830,23-05-2020 09:00,4135001,1BY6WEcLGh8j5v7,7812.375,764.7875,976.0,6313413.0,734,0.0697883706,;;;;;;;;;;
15852,23-05-2020 09:15,4135001,1BY6WEcLGh8j5v7,8395.142857,821.5285714,1174.285714,6313611.286,735,0.14642804000000004,;;;;;;;;;;
15874,23-05-2020 09:30,4135001,1BY6WEcLGh8j5v7,7586.0,742.6,1380.5,6313817.5,736,0.22911735571428574,;;;;;;;;;;
15896,23-05-2020 09:45,4135001,1BY6WEcLGh8j5v7,8410.285714,822.9285714,1557.857143,6313994.857,737,0.26913305785714292,;;;;;;;;;;
15918,23-05-2020 10:00,4135001,1BY6WEcLGh8j5v7,8170.857143,799.5714286,1761.142857,6314198.143,738,0.32454090466666669,;;;;;;;;;;
15940,23-05-2020 10:15,4135001,1BY6WEcLGh8j5v7,8522.5,833.875,1960.75,6314397.75,739,0.49456159266666666,;;;;;;;;;;
15962,23-05-2020 10:30,4135001,1BY6WEcLGh8j5v7,8813.714286,862.2142857,2183.0,6314620.0,740,0.5895070206666666,;;;;;;;;;;
15984,23-05-2020 10:45,4135001,1BY6WEcLGh8j5v7,8035.0,785.6,2389.5,6314826.5,741,0.569132588,;;;;;;;;;;
16006,23-05-2020 11:00,4135001,1BY6WEcLGh8j5v7,9613.0,938.9428571,2604.142857,6315041.143,742,0.61379542266666665,;;;;;;;;;;
16028,23-05-2020 11:15,4135001,1BY6WEcLGh8j5v7,10864.125,1060.3375,2835.375,6315272.375,743,0.66256890866666684,;;;;;;;;;;
16050,23-05-2020 11:30,4135001,1BY6WEcLGh8j5v7,12360.0,1205.1,3119.428571,6315556.429,744,0.61746295266666673,;;;;;;;;;;
16072,23-05-2020 11:45,4135001,1BY6WEcLGh8j5v7,12432.875,1212.825,3422.375,6315859.375,745,0.710976275,;;;;;;;;;;
16094,23-05-2020 12:00,4135001,1BY6WEcLGh8j5v7,12502.28571,1219.342857,3714.142857,6316151.143,746,0.67376474599999991,;;;;;;;;;;
16116,23-05-2020 12:15,4135001,1BY6WEcLGh8j5v7,12904.625,1258.1875,4024.625,6316461.625,747,0.63614806066666674,;;;;;;;;;;
16138,23-05-2020 12:30,4135001,1BY6WEcLGh8j5v7,10767.85714,1051.8,4326.142857,6316763.143,748,0.6136754333333333,;;;;;;;;;;
16160,23-05-2020 12:45,4135001,1BY6WEcLGh8j5v7,8390.25,821.075,4564.375,6317001.375,749,0.81683756466666679,;;;;;;;;;;
16182,23-05-2020 13:00,4135001,1BY6WEcLGh8j5v7,10426.14286,1018.857143,4793.142857,6317230.143,750,0.80117474266666677,;;;;;;;;;;
16204,23-05-2020 13:15,4135001,1BY6WEcLGh8j5v7,10319.25,1008.8125,5053.625,6317490.625,751,0.968808626,;;;;;;;;;;
16226,23-05-2020 13:30,4135001,1BY6WEcLGh8j5v7,11425.57143,1114.742857,5306.0,6317743.0,752,0.9841918673333333,;;;;;;;;;;
16248,23-05-2020 13:45,4135001,1BY6WEcLGh8j5v7,12066.85714,1176.528571,5567.857143,6318004.857,753,10037044035714200,;;;;;;;;;;
16270,23-05-2020 14:00,4135001,1BY6WEcLGh8j5v7,10041.5,981.1375,5852.125,6318289.125,754,0.962423294,;;;;;;;;;;
16292,23-05-2020 14:15,4135001,1BY6WEcLGh8j5v7,7483.857143,732.7285714,6056.142857,6318493.143,755,1112296618,;;;;;;;;;;
16314,23-05-2020 14:30,4135001,1BY6WEcLGh8j5v7,7150.5,700.225,6236.5,6318673.5,756,0.954939324,;;;;;;;;;;
16336,23-05-2020 14:45,4135001,1BY6WEcLGh8j5v7,6789.571429,664.9857143,6411.428571,6318848.429,757,0.66788773800000012,;;;;;;;;;;
16358,23-05-2020 15:00,4135001,1BY6WEcLGh8j5v7,5902.125,578.4,6562.0,6318999.0,758,0.79165527000000013,;;;;;;;;;;
16380,23-05-2020 15:15,4135001,1BY6WEcLGh8j5v7,8059.428571,788.7714286,6740.285714,6319177.286,759,0.8927997,;;;;;;;;;;
16402,23-05-2020 15:30,4135001,1BY6WEcLGh8j5v7,8194.0,801.9625,6934.5,6319371.5,760,0.93606008066666668,;;;;;;;;;;
16424,23-05-2020 15:45,4135001,1BY6WEcLGh8j5v7,7020.142857,687.5,7124.714286,6319561.714,761,0.99008494666666669,;;;;;;;;;;
16446,23-05-2020 16:00,4135001,1BY6WEcLGh8j5v7,6430.5,629.9375,7288.875,6319725.875,762,0.78159108214285711,;;;;;;;;;;
16468,23-05-2020 16:15,4135001,1BY6WEcLGh8j5v7,4726.0,463.4714286,7434.0,6319871.0,763,0.59454102466666658,;;;;;;;;;;
16490,23-05-2020 16:30,4135001,1BY6WEcLGh8j5v7,5223.625,512.1125,7548.75,6319985.75,764,0.545487636,;;;;;;;;;;
16512,23-05-2020 16:45,4135001,1BY6WEcLGh8j5v7,3679.0,361.5857143,7661.285714,6320098.286,765,0.50623243266666673,;;;;;;;;;;
16534,23-05-2020 17:00,4135001,1BY6WEcLGh8j5v7,2987.75,293.35,7744.5,6320181.5,766,0.40408207133333335,;;;;;;;;;;
16556,23-05-2020 17:15,4135001,1BY6WEcLGh8j5v7,2506.428571,245.7857143,7811.571429,6320248.571,767,0.485598238,;;;;;;;;;;
16578,23-05-2020 17:30,4135001,1BY6WEcLGh8j5v7,1900.875,186.325,7866.625,6320303.625,768,0.62999173733333336,;;;;;;;;;;
16600,23-05-2020 17:45,4135001,1BY6WEcLGh8j5v7,1430.714286,139.3142857,7906.142857,6320343.143,769,0.53621765066666682,;;;;;;;;;;
16622,23-05-2020 18:00,4135001,1BY6WEcLGh8j5v7,1218.714286,118.5571429,7937.0,6320374.0,770,0.49096055,;;;;;;;;;;
16644,23-05-2020 18:15,4135001,1BY6WEcLGh8j5v7,549.375,53.2,7958.625,6320395.625,771,0.44515932666666663,;;;;;;;;;;
16666,23-05-2020 18:30,4135001,1BY6WEcLGh8j5v7,21.0,2.014285714,7965.857143,6320402.857,772,0.38909669466666669,;;;;;;;;;;
16688,23-05-2020 18:45,4135001,1BY6WEcLGh8j5v7,0.0,0.0,7966.0,6320403.0,773,0.29788378533333332,;;;;;;;;;;
16710,23-05-2020 19:00,4135001,1BY6WEcLGh8j5v7,0.0,0.0,7966.0,6320403.0,774,0.246215918,;;;;;;;;;;
16732,23-05-2020 19:15,4135001,1BY6WEcLGh8j5v7,0.0,0.0,7966.0,6320403.0,775,0.20811804333333336,;;;;;;;;;;
16754,23-05-2020 19:30,4135001,1BY6WEcLGh8j5v7,0.0,0.0,7966.0,6320403.0,776,0.14512731866666667,;;;;;;;;;;
16776,23-05-2020 19:45,4135001,1BY6WEcLGh8j5v7,0.0,0.0,7966.0,6320403.0,777,0.11224097093333334,;;;;;;;;;;
16798,23-05-2020 20:00,4135001,1BY6WEcLGh8j5v7,0.0,0.0,7966.0,6320403.0,778,0.0927983004,;;;;;;;;;;
16820,23-05-2020 20:15,4135001,1BY6WEcLGh8j5v7,0.0,0.0,7966.0,6320403.0,779,0.041247224857142863,;;;;;;;;;;
16842,23-05-2020 20:30,4135001,1BY6WEcLGh8j5v7,0.0,0.0,7966.0,6320403.0,780,0.0050579441066666668,;;;;;;;;;;
16864,23-05-2020 20:45,4135001,1BY6WEcLGh8j5v7,0.0,0.0,7966.0,6320403.0,781,944485645999.999,;;;;;;;;;;
16886,23-05-2020 21:00,4135001,1BY6WEcLGh8j5v7,0.0,0.0,7966.0,6320403.0,782,0,;;;;;;;;;;
16908,23-05-2020 21:15,4135001,1BY6WEcLGh8j5v7,0.0,0.0,7966.0,6320403.0,783,0,;;;;;;;;;;
16930,23-05-2020 21:30,4135001,1BY6WEcLGh8j5v7,0.0,0.0,7966.0,6320403.0,784,0,;;;;;;;;;;
16952,23-05-2020 22:00,4135001,1BY6WEcLGh8j5v7,0.0,0.0,7966.0,6320403.0,785,0,;;;;;;;;;;
16974,23-05-2020 22:15,4135001,1BY6WEcLGh8j5v7,0.0,0.0,7966.0,6320403.0,786,0,;;;;;;;;;;
16996,23-05-2020 22:30,4135001,1BY6WEcLGh8j5v7,0.0,0.0,7966.0,6320403.0,787,0,;;;;;;;;;;
17018,23-05-2020 22:45,4135001,1BY6WEcLGh8j5v7,0.0,0.0,7966.0,6320403.0,788,0,;;;;;;;;;;
17040,23-05-2020 23:00,4135001,1BY6WEcLGh8j5v7,0.0,0.0,7966.0,6320403.0,789,0,;;;;;;;;;;
17062,23-05-2020 23:15,4135001,1BY6WEcLGh8j5v7,0.0,0.0,7966.0,6320403.0,790,0,;;;;;;;;;;
17084,23-05-2020 23:30,4135001,1BY6WEcLGh8j5v7,0.0,0.0,7966.0,6320403.0,791,0,;;;;;;;;;;
17106,23-05-2020 23:45,4135001,1BY6WEcLGh8j5v7,0.0,0.0,7966.0,6320403.0,792,0,;;;;;;;;;;
17128,24-05-2020 00:00,4135001,1BY6WEcLGh8j5v7,0.0,0.0,995.75,6320403.0,793,0,;;;;;;;;;;
17150,24-05-2020 00:15,4135001,1BY6WEcLGh8j5v7,0.0,0.0,0.0,6320403.0,794,0,;;;;;;;;;;
17172,24-05-2020 00:30,4135001,1BY6WEcLGh8j5v7,0.0,0.0,0.0,6320403.0,795,0,;;;;;;;;;;
17194,24-05-2020 00:45,4135001,1BY6WEcLGh8j5v7,0.0,0.0,0.0,6320403.0,796,0,;;;;;;;;;;
17216,24-05-2020 01:00,4135001,1BY6WEcLGh8j5v7,0.0,0.0,0.0,6320403.0,797,0,;;;;;;;;;;
17238,24-05-2020 01:15,4135001,1BY6WEcLGh8j5v7,0.0,0.0,0.0,6320403.0,798,0,;;;;;;;;;;
17260,24-05-2020 01:30,4135001,1BY6WEcLGh8j5v7,0.0,0.0,0.0,6320403.0,799,0,;;;;;;;;;;
17282,24-05-2020 01:45,4135001,1BY6WEcLGh8j5v7,0.0,0.0,0.0,6320403.0,800,0,;;;;;;;;;;
17304,24-05-2020 02:00,4135001,1BY6WEcLGh8j5v7,0.0,0.0,0.0,6320403.0,801,0,;;;;;;;;;;
17326,24-05-2020 02:15,4135001,1BY6WEcLGh8j5v7,0.0,0.0,0.0,6320403.0,802,0,;;;;;;;;;;
17348,24-05-2020 02:30,4135001,1BY6WEcLGh8j5v7,0.0,0.0,0.0,6320403.0,803,0,;;;;;;;;;;
17370,24-05-2020 02:45,4135001,1BY6WEcLGh8j5v7,0.0,0.0,0.0,6320403.0,804,0,;;;;;;;;;;
17392,24-05-2020 03:00,4135001,1BY6WEcLGh8j5v7,0.0,0.0,0.0,6320403.0,805,0,;;;;;;;;;;
17414,24-05-2020 03:15,4135001,1BY6WEcLGh8j5v7,0.0,0.0,0.0,6320403.0,806,0,;;;;;;;;;;
17436,24-05-2020 03:30,4135001,1BY6WEcLGh8j5v7,0.0,0.0,0.0,6320403.0,807,0,;;;;;;;;;;
17458,24-05-2020 03:45,4135001,1BY6WEcLGh8j5v7,0.0,0.0,0.0,6320403.0,808,0,;;;;;;;;;;
17480,24-05-2020 04:00,4135001,1BY6WEcLGh8j5v7,0.0,0.0,0.0,6320403.0,809,0,;;;;;;;;;;
17502,24-05-2020 04:15,4135001,1BY6WEcLGh8j5v7,0.0,0.0,0.0,6320403.0,810,0,;;;;;;;;;;
17524,24-05-2020 04:30,4135001,1BY6WEcLGh8j5v7,0.0,0.0,0.0,6320403.0,811,0,;;;;;;;;;;
17546,24-05-2020 04:45,4135001,1BY6WEcLGh8j5v7,0.0,0.0,0.0,6320403.0,812,0,;;;;;;;;;;
17568,24-05-2020 05:00,4135001,1BY6WEcLGh8j5v7,0.0,0.0,0.0,6320403.0,813,0,;;;;;;;;;;
17590,24-05-2020 05:15,4135001,1BY6WEcLGh8j5v7,0.0,0.0,0.0,6320403.0,814,0,;;;;;;;;;;
17612,24-05-2020 05:30,4135001,1BY6WEcLGh8j5v7,0.0,0.0,0.0,6320403.0,815,0,;;;;;;;;;;
17634,24-05-2020 05:45,4135001,1BY6WEcLGh8j5v7,0.0,0.0,0.0,6320403.0,816,0,;;;;;;;;;;
17656,24-05-2020 06:00,4135001,1BY6WEcLGh8j5v7,108.2857143,10.47142857,0.285714286,6320403.286,817,0,;;;;;;;;;;
17678,24-05-2020 06:15,4135001,1BY6WEcLGh8j5v7,381.25,36.85,5.875,6320408.875,818,0,;;;;;;;;;;
17700,24-05-2020 06:30,4135001,1BY6WEcLGh8j5v7,712.8571429,69.11428571,18.57142857,6320421.571,819,0,;;;;;;;;;;
17722,24-05-2020 06:45,4135001,1BY6WEcLGh8j5v7,1145.0,111.325,40.75,6320443.75,820,0,;;;;;;;;;;
17744,24-05-2020 07:00,4135001,1BY6WEcLGh8j5v7,1694.857143,165.9,74.85714286,6320477.857,821,0,;;;;;;;;;;
17766,24-05-2020 07:15,4135001,1BY6WEcLGh8j5v7,2335.875,229.075,124.0,6320527.0,822,0,;;;;;;;;;;
17788,24-05-2020 07:30,4135001,1BY6WEcLGh8j5v7,3113.714286,305.8428571,190.8571429,6320593.857,823,0,;;;;;;;;;;
17810,24-05-2020 07:45,4135001,1BY6WEcLGh8j5v7,3896.5,382.9125,275.25,6320678.25,824,0.00061992020266666669,;;;;;;;;;;
17832,24-05-2020 08:00,4135001,1BY6WEcLGh8j5v7,4409.857143,432.7428571,380.5714286,6320783.571,825,0.00961781414,;;;;;;;;;;
17854,24-05-2020 08:15,4135001,1BY6WEcLGh8j5v7,5430.625,532.4875,493.25,6320896.25,826,0.029113553133333331,;;;;;;;;;;
17876,24-05-2020 08:30,4135001,1BY6WEcLGh8j5v7,5818.857143,570.1857143,639.5714286,6321042.571,827,0.052356912,;;;;;;;;;;
17898,24-05-2020 08:45,4135001,1BY6WEcLGh8j5v7,4805.142857,471.2,751.5714286,6321154.571,828,0.086237195,;;;;;;;;;;
17920,24-05-2020 09:00,4135001,1BY6WEcLGh8j5v7,6795.375,665.4625,888.125,6321291.125,829,0.15368539399999998,;;;;;;;;;;
17942,24-05-2020 09:15,4135001,1BY6WEcLGh8j5v7,8002.714286,783.1857143,1075.142857,6321478.143,830,0.20523910533333337,;;;;;;;;;;
17964,24-05-2020 09:30,4135001,1BY6WEcLGh8j5v7,8408.125,822.65,1285.125,6321688.125,831,0.26604703,;;;;;;;;;;
17986,24-05-2020 09:45,4135001,1BY6WEcLGh8j5v7,5631.714286,552.0,1479.142857,6321882.143,832,0.323376125,;;;;;;;;;;
18008,24-05-2020 10:00,4135001,1BY6WEcLGh8j5v7,5982.125,586.05,1637.0,6322040.0,833,0.37273643533333339,;;;;;;;;;;
18030,24-05-2020 10:15,4135001,1BY6WEcLGh8j5v7,9056.142857,884.2,1806.857143,6322209.857,834,0.361205644,;;;;;;;;;;
18052,24-05-2020 10:30,4135001,1BY6WEcLGh8j5v7,10336.875,1009.2625,2050.125,6322453.125,835,0.5357404813333333,;;;;;;;;;;
18074,24-05-2020 10:45,4135001,1BY6WEcLGh8j5v7,11727.42857,1144.171429,2313.428571,6322716.429,836,0.36370494066666664,;;;;;;;;;;
18096,24-05-2020 11:00,4135001,1BY6WEcLGh8j5v7,10422.875,1017.325,2562.25,6322965.25,837,0.56566254133333338,;;;;;;;;;;
18118,24-05-2020 11:15,4135001,1BY6WEcLGh8j5v7,11571.0,1128.985714,2831.285714,6323234.286,838,0.41887710333333333,;;;;;;;;;;
18140,24-05-2020 11:30,4135001,1BY6WEcLGh8j5v7,12591.75,1227.7125,3125.75,6323528.75,839,0.56387132000000006,;;;;;;;;;;
18162,24-05-2020 11:45,4135001,1BY6WEcLGh8j5v7,11744.42857,1145.471429,3429.0,6323832.0,840,0.51719428,;;;;;;;;;;
18184,24-05-2020 12:00,4135001,1BY6WEcLGh8j5v7,9555.625,933.3625,3690.875,6324093.875,841,0.58046461733333332,;;;;;;;;;;
18206,24-05-2020 12:15,4135001,1BY6WEcLGh8j5v7,11836.14286,1154.357143,3956.857143,6324359.857,842,0.585474618,;;;;;;;;;;
18228,24-05-2020 12:30,4135001,1BY6WEcLGh8j5v7,11505.375,1122.7375,4234.875,6324637.875,843,0.71670227333333347,;;;;;;;;;;
18250,24-05-2020 12:45,4135001,1BY6WEcLGh8j5v7,11688.0,1139.585714,4514.714286,6324917.714,844,0.88338718933333327,;;;;;;;;;;
18272,24-05-2020 13:00,4135001,1BY6WEcLGh8j5v7,11474.0,1120.414286,4777.142857,6325180.143,845,0.77580270666666673,;;;;;;;;;;
18294,24-05-2020 13:15,4135001,1BY6WEcLGh8j5v7,11276.5,1101.85,5051.125,6325454.125,846,0.86791275133333323,;;;;;;;;;;
18316,24-05-2020 13:30,4135001,1BY6WEcLGh8j5v7,7709.714286,753.5428571,5262.285714,6325665.286,847,0.9587208273333333,;;;;;;;;;;
18338,24-05-2020 13:45,4135001,1BY6WEcLGh8j5v7,11000.75,1075.075,5513.625,6325916.625,848,0.856888655,;;;;;;;;;;
18360,24-05-2020 14:00,4135001,1BY6WEcLGh8j5v7,6450.428571,631.3571429,5732.428571,6326135.429,849,0.9669078579999999,;;;;;;;;;;
18382,24-05-2020 14:15,4135001,1BY6WEcLGh8j5v7,8892.5,869.7,5932.375,6326335.375,850,0.97582676266666668,;;;;;;;;;;
18404,24-05-2020 14:30,4135001,1BY6WEcLGh8j5v7,6543.714286,640.7714286,6125.428571,6326528.429,851,0.94890711266666661,;;;;;;;;;;
18426,24-05-2020 14:45,4135001,1BY6WEcLGh8j5v7,8948.875,875.325,6302.625,6326705.625,852,0.94214178266666682,;;;;;;;;;;
18448,24-05-2020 15:00,4135001,1BY6WEcLGh8j5v7,8240.857143,806.4857143,6518.428571,6326921.429,853,0.93935336533333347,;;;;;;;;;;
18470,24-05-2020 15:15,4135001,1BY6WEcLGh8j5v7,5445.0,533.325,6671.25,6327074.25,854,0.91937987399999987,;;;;;;;;;;
18492,24-05-2020 15:30,4135001,1BY6WEcLGh8j5v7,3262.428571,320.1571429,6788.428571,6327191.429,855,0.79315823642857153,;;;;;;;;;;
18514,24-05-2020 15:45,4135001,1BY6WEcLGh8j5v7,3352.0,328.5375,6880.625,6327283.625,856,0.84759754400000009,;;;;;;;;;;
18536,24-05-2020 16:00,4135001,1BY6WEcLGh8j5v7,4615.428571,452.5142857,6957.142857,6327360.143,857,0.833392598,;;;;;;;;;;
18558,24-05-2020 16:15,4135001,1BY6WEcLGh8j5v7,4131.5,405.1875,7076.375,6327479.375,858,0.83232557666666673,;;;;;;;;;;
18580,24-05-2020 16:30,4135001,1BY6WEcLGh8j5v7,3436.571429,336.9428571,7175.428571,6327578.429,859,0.66656656933333336,;;;;;;;;;;
18602,24-05-2020 16:45,4135001,1BY6WEcLGh8j5v7,3813.625,374.6125,7254.375,6327657.375,860,0.67824249466666675,;;;;;;;;;;
18624,24-05-2020 17:00,4135001,1BY6WEcLGh8j5v7,3687.142857,362.4,7348.285714,6327751.286,861,0.68470073533333331,;;;;;;;;;;
18646,24-05-2020 17:15,4135001,1BY6WEcLGh8j5v7,2433.714286,238.6285714,7419.285714,6327822.286,862,0.476600342,;;;;;;;;;;
18668,24-05-2020 17:30,4135001,1BY6WEcLGh8j5v7,1608.5,157.325,7467.625,6327870.625,863,0.23867285500000002,;;;;;;;;;;
18690,24-05-2020 17:45,4135001,1BY6WEcLGh8j5v7,1012.714286,98.4,7499.571429,6327902.571,864,0.21446764000000001,;;;;;;;;;;
18712,24-05-2020 18:00,4135001,1BY6WEcLGh8j5v7,574.75,55.65,7518.75,6327921.75,865,0.28730078133333337,;;;;;;;;;;
18734,24-05-2020 18:15,4135001,1BY6WEcLGh8j5v7,349.0,33.71428571,7529.857143,6327932.857,866,0.28958502733333336,;;;;;;;;;;
18756,24-05-2020 18:30,4135001,1BY6WEcLGh8j5v7,143.5,13.825,7536.0,6327939.0,867,0.24254479466666667,;;;;;;;;;;
18778,24-05-2020 18:45,4135001,1BY6WEcLGh8j5v7,0.0,0.0,7537.0,6327940.0,868,0.30354696266666675,;;;;;;;;;;
18800,24-05-2020 19:00,4135001,1BY6WEcLGh8j5v7,0.0,0.0,7537.0,6327940.0,869,0.29473146066666661,;;;;;;;;;;
18822,24-05-2020 19:15,4135001,1BY6WEcLGh8j5v7,0.0,0.0,7537.0,6327940.0,870,0.19999868800000004,;;;;;;;;;;
18844,24-05-2020 19:30,4135001,1BY6WEcLGh8j5v7,0.0,0.0,7537.0,6327940.0,871,0.13731326964285717,;;;;;;;;;;
18866,24-05-2020 19:45,4135001,1BY6WEcLGh8j5v7,0.0,0.0,7537.0,6327940.0,872,0.088127081733333335,;;;;;;;;;;
18888,24-05-2020 20:00,4135001,1BY6WEcLGh8j5v7,0.0,0.0,7537.0,6327940.0,873,0.0456077094,;;;;;;;;;;
18910,24-05-2020 20:15,4135001,1BY6WEcLGh8j5v7,0.0,0.0,7537.0,6327940.0,874,0.026994182600000007,;;;;;;;;;;
18932,24-05-2020 20:30,4135001,1BY6WEcLGh8j5v7,0.0,0.0,7537.0,6327940.0,875,0.011283630366666665,;;;;;;;;;;
18954,24-05-2020 20:45,4135001,1BY6WEcLGh8j5v7,0.0,0.0,7537.0,6327940.0,876,0.0012658659466666668,;;;;;;;;;;
18976,24-05-2020 21:00,4135001,1BY6WEcLGh8j5v7,0.0,0.0,7537.0,6327940.0,877,0,;;;;;;;;;;
18998,24-05-2020 21:15,4135001,1BY6WEcLGh8j5v7,0.0,0.0,7537.0,6327940.0,878,0,;;;;;;;;;;
19020,24-05-2020 21:30,4135001,1BY6WEcLGh8j5v7,0.0,0.0,7537.0,6327940.0,879,0,;;;;;;;;;;
19042,24-05-2020 21:45,4135001,1BY6WEcLGh8j5v7,0.0,0.0,7537.0,6327940.0,880,0,;;;;;;;;;;
19064,24-05-2020 22:00,4135001,1BY6WEcLGh8j5v7,0.0,0.0,7537.0,6327940.0,881,0,;;;;;;;;;;
19086,24-05-2020 22:15,4135001,1BY6WEcLGh8j5v7,0.0,0.0,7537.0,6327940.0,882,0,;;;;;;;;;;
19108,24-05-2020 22:30,4135001,1BY6WEcLGh8j5v7,0.0,0.0,7537.0,6327940.0,883,0,;;;;;;;;;;
19130,24-05-2020 22:45,4135001,1BY6WEcLGh8j5v7,0.0,0.0,7537.0,6327940.0,884,0,;;;;;;;;;;
19152,24-05-2020 23:00,4135001,1BY6WEcLGh8j5v7,0.0,0.0,7537.0,6327940.0,885,0,;;;;;;;;;;
19174,24-05-2020 23:15,4135001,1BY6WEcLGh8j5v7,0.0,0.0,7537.0,6327940.0,886,0,;;;;;;;;;;
19196,24-05-2020 23:30,4135001,1BY6WEcLGh8j5v7,0.0,0.0,7537.0,6327940.0,887,0,;;;;;;;;;;
19218,24-05-2020 23:45,4135001,1BY6WEcLGh8j5v7,0.0,0.0,7537.0,6327940.0,888,0,;;;;;;;;;;
19240,25-05-2020 00:00,4135001,1BY6WEcLGh8j5v7,0.0,0.0,0.0,6327940.0,889,0,;;;;;;;;;;
19262,25-05-2020 00:15,4135001,1BY6WEcLGh8j5v7,0.0,0.0,0.0,6327940.0,890,0,;;;;;;;;;;
19284,25-05-2020 00:30,4135001,1BY6WEcLGh8j5v7,0.0,0.0,0.0,6327940.0,891,0,;;;;;;;;;;
19306,25-05-2020 00:45,4135001,1BY6WEcLGh8j5v7,0.0,0.0,0.0,6327940.0,892,0,;;;;;;;;;;
19328,25-05-2020 01:00,4135001,1BY6WEcLGh8j5v7,0.0,0.0,0.0,6327940.0,893,0,;;;;;;;;;;
19350,25-05-2020 01:15,4135001,1BY6WEcLGh8j5v7,0.0,0.0,0.0,6327940.0,894,0,;;;;;;;;;;
19372,25-05-2020 01:30,4135001,1BY6WEcLGh8j5v7,0.0,0.0,0.0,6327940.0,895,0,;;;;;;;;;;
19394,25-05-2020 01:45,4135001,1BY6WEcLGh8j5v7,0.0,0.0,0.0,6327940.0,896,0,;;;;;;;;;;
19416,25-05-2020 02:00,4135001,1BY6WEcLGh8j5v7,0.0,0.0,0.0,6327940.0,897,0,;;;;;;;;;;
19438,25-05-2020 02:15,4135001,1BY6WEcLGh8j5v7,0.0,0.0,0.0,6327940.0,898,0,;;;;;;;;;;
19460,25-05-2020 02:30,4135001,1BY6WEcLGh8j5v7,0.0,0.0,0.0,6327940.0,899,0,;;;;;;;;;;
19482,25-05-2020 02:45,4135001,1BY6WEcLGh8j5v7,0.0,0.0,0.0,6327940.0,900,0,;;;;;;;;;;
19504,25-05-2020 03:00,4135001,1BY6WEcLGh8j5v7,0.0,0.0,0.0,6327940.0,901,0,;;;;;;;;;;
19526,25-05-2020 03:15,4135001,1BY6WEcLGh8j5v7,0.0,0.0,0.0,6327940.0,902,0,;;;;;;;;;;
19548,25-05-2020 03:30,4135001,1BY6WEcLGh8j5v7,0.0,0.0,0.0,6327940.0,903,0,;;;;;;;;;;
19570,25-05-2020 03:45,4135001,1BY6WEcLGh8j5v7,0.0,0.0,0.0,6327940.0,904,0,;;;;;;;;;;
19592,25-05-2020 04:00,4135001,1BY6WEcLGh8j5v7,0.0,0.0,0.0,6327940.0,905,0,;;;;;;;;;;
19614,25-05-2020 04:15,4135001,1BY6WEcLGh8j5v7,0.0,0.0,0.0,6327940.0,906,0,;;;;;;;;;;
19636,25-05-2020 04:30,4135001,1BY6WEcLGh8j5v7,0.0,0.0,0.0,6327940.0,907,0,;;;;;;;;;;
19658,25-05-2020 04:45,4135001,1BY6WEcLGh8j5v7,0.0,0.0,0.0,6327940.0,908,0,;;;;;;;;;;
19680,25-05-2020 05:00,4135001,1BY6WEcLGh8j5v7,0.0,0.0,0.0,6327940.0,909,0,;;;;;;;;;;
19702,25-05-2020 05:15,4135001,1BY6WEcLGh8j5v7,0.0,0.0,0.0,6327940.0,910,0,;;;;;;;;;;
19738,25-05-2020 06:15,4135001,1BY6WEcLGh8j5v7,376.0,36.35,2.75,6327942.75,911,0,;;;;;;;;;;
19760,25-05-2020 06:30,4135001,1BY6WEcLGh8j5v7,686.0,66.48571429,15.57142857,6327955.571,912,0,;;;;;;;;;;
19782,25-05-2020 06:45,4135001,1BY6WEcLGh8j5v7,1126.625,109.525,37.75,6327977.75,913,0,;;;;;;;;;;
19804,25-05-2020 07:00,4135001,1BY6WEcLGh8j5v7,1659.571429,162.4428571,71.28571429,6328011.286,914,0,;;;;;;;;;;
19826,25-05-2020 07:15,4135001,1BY6WEcLGh8j5v7,2326.625,228.1125,119.75,6328059.75,915,0,;;;;;;;;;;
19848,25-05-2020 07:30,4135001,1BY6WEcLGh8j5v7,2375.857143,232.9714286,178.8571429,6328118.857,916,0,;;;;;;;;;;
19870,25-05-2020 07:45,4135001,1BY6WEcLGh8j5v7,3453.125,339.225,252.25,6328192.25,917,0,;;;;;;;;;;
19892,25-05-2020 08:00,4135001,1BY6WEcLGh8j5v7,4575.285714,448.9142857,354.8571429,6328294.857,918,0,;;;;;;;;;;
19914,25-05-2020 08:15,4135001,1BY6WEcLGh8j5v7,5630.375,551.8,479.375,6328419.375,919,0,;;;;;;;;;;
19936,25-05-2020 08:30,4135001,1BY6WEcLGh8j5v7,6318.142857,618.9714286,625.0,6328565.0,920,0.0019075597822666665,;;;;;;;;;;
19958,25-05-2020 08:45,4135001,1BY6WEcLGh8j5v7,7012.75,686.7625,790.875,6328730.875,921,0.014271830461538459,;;;;;;;;;;
19980,25-05-2020 09:00,4135001,1BY6WEcLGh8j5v7,7842.142857,767.6714286,973.5714286,6328913.571,922,0.0331407035,;;;;;;;;;;
20002,25-05-2020 09:15,4135001,1BY6WEcLGh8j5v7,8466.125,828.5,1172.875,6329112.875,923,0.050611544000000008,;;;;;;;;;;
20024,25-05-2020 09:30,4135001,1BY6WEcLGh8j5v7,9003.142857,880.7857143,1386.0,6329326.0,924,0.083218589066666668,;;;;;;;;;;
20046,25-05-2020 09:45,4135001,1BY6WEcLGh8j5v7,9509.857143,930.1428571,1598.0,6329538.0,925,0.14865463399999998,;;;;;;;;;;
20068,25-05-2020 10:00,4135001,1BY6WEcLGh8j5v7,9935.75,971.5375,1835.875,6329775.875,926,0.20363394933333334,;;;;;;;;;;
20090,25-05-2020 10:15,4135001,1BY6WEcLGh8j5v7,10286.0,1005.585714,2082.857143,6330022.857,927,0.20289296533333331,;;;;;;;;;;
20112,25-05-2020 10:30,4135001,1BY6WEcLGh8j5v7,10605.125,1036.6125,2338.0,6330278.0,928,0.28127497066666662,;;;;;;;;;;
20134,25-05-2020 10:45,4135001,1BY6WEcLGh8j5v7,10922.0,1067.414286,2600.714286,6330540.714,929,0.24209316333333333,;;;;;;;;;;
20156,25-05-2020 11:00,4135001,1BY6WEcLGh8j5v7,11116.25,1086.275,2879.25,6330819.25,930,0.44457300933333338,;;;;;;;;;;
20178,25-05-2020 11:15,4135001,1BY6WEcLGh8j5v7,11327.85714,1106.685714,3152.857143,6331092.857,931,0.50473110785714292,;;;;;;;;;;
20200,25-05-2020 11:30,4135001,1BY6WEcLGh8j5v7,11495.5,1121.975,3432.125,6331372.125,932,0.55701717533333339,;;;;;;;;;;
20222,25-05-2020 11:45,4135001,1BY6WEcLGh8j5v7,11641.42857,1135.014286,3714.142857,6331654.143,933,0.61822576266666662,;;;;;;;;;;
20244,25-05-2020 12:00,4135001,1BY6WEcLGh8j5v7,11765.25,1147.1125,3999.375,6331939.375,934,0.67044871799999994,;;;;;;;;;;
20266,25-05-2020 12:15,4135001,1BY6WEcLGh8j5v7,11785.57143,1149.1,4286.857143,6332226.857,935,0.71476160466666672,;;;;;;;;;;
20288,25-05-2020 12:30,4135001,1BY6WEcLGh8j5v7,11709.875,1141.7,4573.625,6332513.625,936,0.76303635733333341,;;;;;;;;;;
20310,25-05-2020 12:45,4135001,1BY6WEcLGh8j5v7,11621.57143,1133.1,4857.571429,6332797.571,937,0.80242721266666672,;;;;;;;;;;
20332,25-05-2020 13:00,4135001,1BY6WEcLGh8j5v7,11470.375,1120.1125,5146.875,6333086.875,938,0.83415663933333339,;;;;;;;;;;
20354,25-05-2020 13:15,4135001,1BY6WEcLGh8j5v7,11127.57143,1087.385714,5424.857143,6333364.857,939,0.86276647333333345,;;;;;;;;;;
20376,25-05-2020 13:30,4135001,1BY6WEcLGh8j5v7,10541.625,1030.45,5690.75,6333630.75,940,0.89173150428571435,;;;;;;;;;;
20398,25-05-2020 13:45,4135001,1BY6WEcLGh8j5v7,10812.28571,1056.757143,5951.0,6333891.0,941,0.91318209333333344,;;;;;;;;;;
20420,25-05-2020 14:00,4135001,1BY6WEcLGh8j5v7,10574.28571,1033.628571,6194.285714,6334134.286,942,0.92884452933333328,;;;;;;;;;;
20442,25-05-2020 14:15,4135001,1BY6WEcLGh8j5v7,9879.5,966.075,6445.75,6334385.75,943,0.94798468600000019,;;;;;;;;;;
20464,25-05-2020 14:30,4135001,1BY6WEcLGh8j5v7,9839.571429,962.1857143,6686.571429,6334626.571,944,0.95879586333333333,;;;;;;;;;;
20486,25-05-2020 14:45,4135001,1BY6WEcLGh8j5v7,8578.625,839.15,6915.375,6334855.375,945,0.96522589866666675,;;;;;;;;;;
20508,25-05-2020 15:00,4135001,1BY6WEcLGh8j5v7,9458.714286,925.1428571,7124.0,6335064.0,946,0.97058643599999994,;;;;;;;;;;
20530,25-05-2020 15:15,4135001,1BY6WEcLGh8j5v7,8418.0,823.8125,7347.625,6335287.625,947,0.96661682933333326,;;;;;;;;;;
20552,25-05-2020 15:30,4135001,1BY6WEcLGh8j5v7,8066.428571,789.5285714,7544.714286,6335484.714,948,0.96000629928571424,;;;;;;;;;;
20574,25-05-2020 15:45,4135001,1BY6WEcLGh8j5v7,7651.5,749.075,7739.125,6335679.125,949,0.94532850466666662,;;;;;;;;;;
20596,25-05-2020 16:00,4135001,1BY6WEcLGh8j5v7,7281.285714,712.9285714,7919.142857,6335859.143,950,0.91305009642857149,;;;;;;;;;;
20618,25-05-2020 16:15,4135001,1BY6WEcLGh8j5v7,4005.25,393.35,8051.125,6335991.125,951,0.86583572266666664,;;;;;;;;;;
20640,25-05-2020 16:30,4135001,1BY6WEcLGh8j5v7,1868.428571,182.8714286,8127.714286,6336067.714,952,0.879347218,;;;;;;;;;;
20662,25-05-2020 16:45,4135001,1BY6WEcLGh8j5v7,1236.875,120.3,8163.0,6336103.0,953,0.86072336466666666,;;;;;;;;;;
20684,25-05-2020 17:00,4135001,1BY6WEcLGh8j5v7,1055.142857,102.5285714,8190.571429,6336130.571,954,0.7999019353333332,;;;;;;;;;;
20706,25-05-2020 17:15,4135001,1BY6WEcLGh8j5v7,908.625,88.225,8215.25,6336155.25,955,0.74314292399999993,;;;;;;;;;;
20728,25-05-2020 17:30,4135001,1BY6WEcLGh8j5v7,660.0,63.87142857,8234.571429,6336174.571,956,0.76030309214285707,;;;;;;;;;;
20750,25-05-2020 17:45,4135001,1BY6WEcLGh8j5v7,456.75,44.1375,8247.5,6336187.5,957,0.75491215266666678,;;;;;;;;;;
20772,25-05-2020 18:00,4135001,1BY6WEcLGh8j5v7,394.8571429,38.18571429,8258.428571,6336198.429,958,0.67735673733333335,;;;;;;;;;;
20794,25-05-2020 18:15,4135001,1BY6WEcLGh8j5v7,214.5714286,20.71428571,8265.285714,6336205.286,959,0.50494928133333339,;;;;;;;;;;
20816,25-05-2020 18:30,4135001,1BY6WEcLGh8j5v7,35.875,3.4625,8268.0,6336208.0,960,0.62944534333333324,;;;;;;;;;;
20838,25-05-2020 18:45,4135001,1BY6WEcLGh8j5v7,0.0,0.0,8268.0,6336208.0,961,0.55140508599999993,;;;;;;;;;;
20860,25-05-2020 19:00,4135001,1BY6WEcLGh8j5v7,0.0,0.0,8268.0,6336208.0,962,0.306095652,;;;;;;;;;;
20882,25-05-2020 19:15,4135001,1BY6WEcLGh8j5v7,0.0,0.0,8268.0,6336208.0,963,0.13373627366666671,;;;;;;;;;;
20904,25-05-2020 19:30,4135001,1BY6WEcLGh8j5v7,0.0,0.0,8268.0,6336208.0,964,0.087811558285714283,;;;;;;;;;;
20926,25-05-2020 19:45,4135001,1BY6WEcLGh8j5v7,0.0,0.0,8268.0,6336208.0,965,0.0755440882,;;;;;;;;;;
20948,25-05-2020 20:00,4135001,1BY6WEcLGh8j5v7,0.0,0.0,8268.0,6336208.0,966,0.067454051533333309,;;;;;;;;;;
20970,25-05-2020 20:15,4135001,1BY6WEcLGh8j5v7,0.0,0.0,8268.0,6336208.0,967,0.050618351066666664,;;;;;;;;;;
20992,25-05-2020 20:30,4135001,1BY6WEcLGh8j5v7,0.0,0.0,8268.0,6336208.0,968,0.036754938733333332,;;;;;;;;;;
21014,25-05-2020 20:45,4135001,1BY6WEcLGh8j5v7,0.0,0.0,8268.0,6336208.0,969,0.032407943133333332,;;;;;;;;;;
21036,25-05-2020 21:00,4135001,1BY6WEcLGh8j5v7,0.0,0.0,8268.0,6336208.0,970,0.016571363300000003,;;;;;;;;;;
21058,25-05-2020 21:15,4135001,1BY6WEcLGh8j5v7,0.0,0.0,8268.0,6336208.0,971,0.0038019427373333333,;;;;;;;;;;
21080,25-05-2020 21:30,4135001,1BY6WEcLGh8j5v7,0.0,0.0,8268.0,6336208.0,972,498541244000,;;;;;;;;;;
21102,25-05-2020 21:45,4135001,1BY6WEcLGh8j5v7,0.0,0.0,8268.0,6336208.0,973,0,;;;;;;;;;;
21124,25-05-2020 22:00,4135001,1BY6WEcLGh8j5v7,0.0,0.0,8268.0,6336208.0,974,0,;;;;;;;;;;
21146,25-05-2020 22:15,4135001,1BY6WEcLGh8j5v7,0.0,0.0,8268.0,6336208.0,975,0,;;;;;;;;;;
21168,25-05-2020 22:30,4135001,1BY6WEcLGh8j5v7,0.0,0.0,8268.0,6336208.0,976,0,;;;;;;;;;;
21190,25-05-2020 22:45,4135001,1BY6WEcLGh8j5v7,0.0,0.0,8268.0,6336208.0,977,0,;;;;;;;;;;
21212,25-05-2020 23:00,4135001,1BY6WEcLGh8j5v7,0.0,0.0,8268.0,6336208.0,978,0,;;;;;;;;;;
21234,25-05-2020 23:15,4135001,1BY6WEcLGh8j5v7,0.0,0.0,8268.0,6336208.0,979,0,;;;;;;;;;;
21256,25-05-2020 23:30,4135001,1BY6WEcLGh8j5v7,0.0,0.0,8268.0,6336208.0,980,0,;;;;;;;;;;
21278,25-05-2020 23:45,4135001,1BY6WEcLGh8j5v7,0.0,0.0,8268.0,6336208.0,981,0,;;;;;;;;;;
